DATA,,,,
key,data,,,,,
token_name,Genopets,,,
token_symbol,GENE,,,
start_date,19/11/2021,,,
start_tokens,100000000,,,
emission_schedule,1D,,,
emission_type,linear_unlock,,,
emission_incentive,,,,
DISTRIBUTION,,,,
entity,private sale,public sale,team & advisors,community treasure and P2E
type,percentage,percentage,percentage,percentage
group,investors,public,team,community
emission,unlock,unlock,unlock,unlock
allocation,32.5,1.5,25,41
t000,0.00,1.50,0.00,2.00
t001,0.00,1.50,0.00,2.02
t002,0.00,1.50,0.00,2.04
t003,0.00,1.50,0.00,2.06
t004,0.00,1.50,0.00,2.09
t005,0.00,1.50,0.00,2.11
t006,0.00,1.50,0.00,2.13
t007,0.00,1.50,0.00,2.15
t008,0.00,1.50,0.00,2.17
t009,0.00,1.50,0.00,2.19
t010,0.00,1.50,0.00,2.21
t011,0.00,1.50,0.00,2.23
t012,0.00,1.50,0.00,2.26
t013,0.00,1.50,0.00,2.28
t014,0.00,1.50,0.00,2.30
t015,0.00,1.50,0.00,2.32
t016,0.00,1.50,0.00,2.34
t017,0.00,1.50,0.00,2.36
t018,0.00,1.50,0.00,2.38
t019,0.00,1.50,0.00,2.41
t020,0.00,1.50,0.00,2.43
t021,0.00,1.50,0.00,2.45
t022,0.00,1.50,0.00,2.47
t023,0.00,1.50,0.00,2.49
t024,0.00,1.50,0.00,2.51
t025,0.00,1.50,0.00,2.53
t026,0.00,1.50,0.00,2.56
t027,0.00,1.50,0.00,2.58
t028,0.00,1.50,0.00,2.60
t029,0.00,1.50,0.00,2.62
t030,0.00,1.50,0.00,2.64
t031,0.00,1.50,0.00,2.66
t032,0.00,1.50,0.00,2.68
t033,0.00,1.50,0.00,2.70
t034,0.00,1.50,0.00,2.73
t035,0.00,1.50,0.00,2.75
t036,0.00,1.50,0.00,2.77
t037,0.00,1.50,0.00,2.79
t038,0.00,1.50,0.00,2.81
t039,0.00,1.50,0.00,2.83
t040,0.00,1.50,0.00,2.85
t041,0.00,1.50,0.00,2.88
t042,0.00,1.50,0.00,2.90
t043,0.00,1.50,0.00,2.92
t044,0.00,1.50,0.00,2.94
t045,0.00,1.50,0.00,2.96
t046,0.00,1.50,0.00,2.98
t047,0.00,1.50,0.00,3.00
t048,0.00,1.50,0.00,3.03
t049,0.00,1.50,0.00,3.05
t050,0.00,1.50,0.00,3.07
t051,0.00,1.50,0.00,3.09
t052,0.00,1.50,0.00,3.11
t053,0.00,1.50,0.00,3.13
t054,0.00,1.50,0.00,3.15
t055,0.00,1.50,0.00,3.17
t056,0.00,1.50,0.00,3.20
t057,0.00,1.50,0.00,3.22
t058,0.00,1.50,0.00,3.24
t059,0.00,1.50,0.00,3.26
t060,0.00,1.50,0.00,3.28
t061,0.00,1.50,0.00,3.30
t062,0.00,1.50,0.00,3.32
t063,0.00,1.50,0.00,3.35
t064,0.00,1.50,0.00,3.37
t065,0.00,1.50,0.00,3.39
t066,0.00,1.50,0.00,3.41
t067,0.00,1.50,0.00,3.43
t068,0.00,1.50,0.00,3.45
t069,0.00,1.50,0.00,3.47
t070,0.00,1.50,0.00,3.50
t071,0.00,1.50,0.00,3.52
t072,0.00,1.50,0.00,3.54
t073,0.00,1.50,0.00,3.56
t074,0.00,1.50,0.00,3.58
t075,0.00,1.50,0.00,3.60
t076,0.00,1.50,0.00,3.62
t077,0.00,1.50,0.00,3.64
t078,0.00,1.50,0.00,3.67
t079,0.00,1.50,0.00,3.69
t080,0.00,1.50,0.00,3.71
t081,0.00,1.50,0.00,3.73
t082,0.00,1.50,0.00,3.75
t083,0.00,1.50,0.00,3.77
t084,0.00,1.50,0.00,3.79
t085,0.00,1.50,0.00,3.82
t086,0.00,1.50,0.00,3.84
t087,0.00,1.50,0.00,3.86
t088,0.00,1.50,0.00,3.88
t089,0.00,1.50,0.00,3.90
t090,0.00,1.50,0.00,3.92
t091,0.00,1.50,0.00,3.94
t092,0.00,1.50,0.00,3.96
t093,0.00,1.50,0.00,3.99
t094,0.00,1.50,0.00,4.01
t095,0.00,1.50,0.00,4.03
t096,0.00,1.50,0.00,4.05
t097,0.00,1.50,0.00,4.07
t098,0.00,1.50,0.00,4.09
t099,0.00,1.50,0.00,4.11
t100,0.00,1.50,0.00,4.14
t101,0.00,1.50,0.00,4.16
t102,0.00,1.50,0.00,4.18
t103,0.00,1.50,0.00,4.20
t104,0.00,1.50,0.00,4.22
t105,0.00,1.50,0.00,4.24
t106,0.00,1.50,0.00,4.26
t107,0.00,1.50,0.00,4.29
t108,0.00,1.50,0.00,4.31
t109,0.00,1.50,0.00,4.33
t110,0.00,1.50,0.00,4.35
t111,0.00,1.50,0.00,4.37
t112,0.00,1.50,0.00,4.39
t113,0.00,1.50,0.00,4.41
t114,0.00,1.50,0.00,4.43
t115,0.00,1.50,0.00,4.46
t116,0.00,1.50,0.00,4.48
t117,0.00,1.50,0.00,4.50
t118,0.00,1.50,0.00,4.52
t119,0.00,1.50,0.00,4.54
t120,0.00,1.50,0.00,4.56
t121,0.00,1.50,0.00,4.58
t122,0.00,1.50,0.00,4.61
t123,0.00,1.50,0.00,4.63
t124,0.00,1.50,0.00,4.65
t125,0.00,1.50,0.00,4.67
t126,0.00,1.50,0.00,4.69
t127,0.00,1.50,0.00,4.71
t128,0.00,1.50,0.00,4.73
t129,0.00,1.50,0.00,4.76
t130,0.00,1.50,0.00,4.78
t131,0.00,1.50,0.00,4.80
t132,0.00,1.50,0.00,4.82
t133,0.00,1.50,0.00,4.84
t134,0.00,1.50,0.00,4.86
t135,0.00,1.50,0.00,4.88
t136,0.00,1.50,0.00,4.90
t137,0.00,1.50,0.00,4.93
t138,0.00,1.50,0.00,4.95
t139,0.00,1.50,0.00,4.97
t140,0.00,1.50,0.00,4.99
t141,0.00,1.50,0.00,5.01
t142,0.00,1.50,0.00,5.03
t143,0.00,1.50,0.00,5.05
t144,0.00,1.50,0.00,5.08
t145,0.00,1.50,0.00,5.10
t146,0.00,1.50,0.00,5.12
t147,0.00,1.50,0.00,5.14
t148,0.00,1.50,0.00,5.16
t149,0.00,1.50,0.00,5.18
t150,0.00,1.50,0.00,5.20
t151,0.00,1.50,0.00,5.23
t152,0.00,1.50,0.00,5.25
t153,0.00,1.50,0.00,5.27
t154,0.00,1.50,0.00,5.29
t155,0.00,1.50,0.00,5.31
t156,0.00,1.50,0.00,5.33
t157,0.00,1.50,0.00,5.35
t158,0.00,1.50,0.00,5.37
t159,0.00,1.50,0.00,5.40
t160,0.00,1.50,0.00,5.42
t161,0.00,1.50,0.00,5.44
t162,0.00,1.50,0.00,5.46
t163,0.00,1.50,0.00,5.48
t164,0.00,1.50,0.00,5.50
t165,0.00,1.50,0.00,5.52
t166,0.00,1.50,0.00,5.55
t167,0.00,1.50,0.00,5.57
t168,0.00,1.50,0.00,5.59
t169,0.00,1.50,0.00,5.61
t170,0.00,1.50,0.00,5.63
t171,0.00,1.50,0.00,5.65
t172,0.00,1.50,0.00,5.67
t173,0.00,1.50,0.00,5.69
t174,0.00,1.50,0.00,5.72
t175,0.00,1.50,0.00,5.74
t176,0.00,1.50,0.00,5.76
t177,0.00,1.50,0.00,5.78
t178,0.00,1.50,0.00,5.80
t179,0.00,1.50,0.00,5.82
t180,0.00,1.50,0.00,5.84
t181,0.00,1.50,0.00,5.87
t182,0.00,1.50,0.00,5.89
t183,0.00,1.50,0.00,5.91
t184,0.00,1.50,0.00,5.93
t185,0.00,1.50,0.00,5.95
t186,0.00,1.50,0.00,5.97
t187,0.00,1.50,0.00,5.99
t188,0.00,1.50,0.00,6.02
t189,0.00,1.50,0.00,6.04
t190,0.00,1.50,0.00,6.06
t191,0.00,1.50,0.00,6.08
t192,0.00,1.50,0.00,6.10
t193,0.00,1.50,0.00,6.12
t194,0.00,1.50,0.00,6.14
t195,0.00,1.50,0.00,6.16
t196,0.00,1.50,0.00,6.19
t197,0.00,1.50,0.00,6.21
t198,0.00,1.50,0.00,6.23
t199,0.00,1.50,0.00,6.25
t200,0.00,1.50,0.00,6.27
t201,0.00,1.50,0.00,6.29
t202,0.00,1.50,0.00,6.31
t203,0.00,1.50,0.00,6.34
t204,0.00,1.50,0.00,6.36
t205,0.00,1.50,0.00,6.38
t206,0.00,1.50,0.00,6.40
t207,0.00,1.50,0.00,6.42
t208,0.00,1.50,0.00,6.44
t209,0.00,1.50,0.00,6.46
t210,0.00,1.50,0.00,6.49
t211,0.00,1.50,0.00,6.51
t212,0.00,1.50,0.00,6.53
t213,0.00,1.50,0.00,6.55
t214,0.00,1.50,0.00,6.57
t215,0.00,1.50,0.00,6.59
t216,0.00,1.50,0.00,6.61
t217,0.00,1.50,0.00,6.63
t218,0.00,1.50,0.00,6.66
t219,0.00,1.50,0.00,6.68
t220,0.00,1.50,0.00,6.70
t221,0.00,1.50,0.00,6.72
t222,0.00,1.50,0.00,6.74
t223,0.00,1.50,0.00,6.76
t224,0.00,1.50,0.00,6.78
t225,0.00,1.50,0.00,6.81
t226,0.00,1.50,0.00,6.83
t227,0.00,1.50,0.00,6.85
t228,0.00,1.50,0.00,6.87
t229,0.00,1.50,0.00,6.89
t230,0.00,1.50,0.00,6.91
t231,0.00,1.50,0.00,6.93
t232,0.00,1.50,0.00,6.96
t233,0.00,1.50,0.00,6.98
t234,0.00,1.50,0.00,7.00
t235,0.00,1.50,0.00,7.02
t236,0.00,1.50,0.00,7.04
t237,0.00,1.50,0.00,7.06
t238,0.00,1.50,0.00,7.08
t239,0.00,1.50,0.00,7.10
t240,0.00,1.50,0.00,7.13
t241,0.00,1.50,0.00,7.15
t242,0.00,1.50,0.00,7.17
t243,0.00,1.50,0.00,7.19
t244,0.00,1.50,0.00,7.21
t245,0.00,1.50,0.00,7.23
t246,0.00,1.50,0.00,7.25
t247,0.00,1.50,0.00,7.28
t248,0.00,1.50,0.00,7.30
t249,0.00,1.50,0.00,7.32
t250,0.00,1.50,0.00,7.34
t251,0.00,1.50,0.00,7.36
t252,0.00,1.50,0.00,7.38
t253,0.00,1.50,0.00,7.40
t254,0.00,1.50,0.00,7.42
t255,0.00,1.50,0.00,7.45
t256,0.00,1.50,0.00,7.47
t257,0.00,1.50,0.00,7.49
t258,0.00,1.50,0.00,7.51
t259,0.00,1.50,0.00,7.53
t260,0.00,1.50,0.00,7.55
t261,0.00,1.50,0.00,7.57
t262,0.00,1.50,0.00,7.60
t263,0.00,1.50,0.00,7.62
t264,0.00,1.50,0.00,7.64
t265,0.00,1.50,0.00,7.66
t266,0.00,1.50,0.00,7.68
t267,0.00,1.50,0.00,7.70
t268,0.00,1.50,0.00,7.72
t269,0.00,1.50,0.00,7.75
t270,0.00,1.50,0.00,7.77
t271,0.00,1.50,0.00,7.79
t272,0.00,1.50,0.00,7.81
t273,0.00,1.50,0.00,7.83
t274,0.00,1.50,0.00,7.85
t275,0.00,1.50,0.00,7.87
t276,0.00,1.50,0.00,7.89
t277,0.00,1.50,0.00,7.92
t278,0.00,1.50,0.00,7.94
t279,0.00,1.50,0.00,7.96
t280,0.00,1.50,0.00,7.98
t281,0.00,1.50,0.00,8.00
t282,0.00,1.50,0.00,8.02
t283,0.00,1.50,0.00,8.04
t284,0.00,1.50,0.00,8.07
t285,0.00,1.50,0.00,8.09
t286,0.00,1.50,0.00,8.11
t287,0.00,1.50,0.00,8.13
t288,0.00,1.50,0.00,8.15
t289,0.00,1.50,0.00,8.17
t290,0.00,1.50,0.00,8.19
t291,0.00,1.50,0.00,8.22
t292,0.00,1.50,0.00,8.24
t293,0.00,1.50,0.00,8.26
t294,0.00,1.50,0.00,8.28
t295,0.00,1.50,0.00,8.30
t296,0.00,1.50,0.00,8.32
t297,0.00,1.50,0.00,8.34
t298,0.00,1.50,0.00,8.36
t299,0.00,1.50,0.00,8.39
t300,0.00,1.50,0.00,8.41
t301,0.00,1.50,0.00,8.43
t302,0.00,1.50,0.00,8.45
t303,0.00,1.50,0.00,8.47
t304,0.00,1.50,0.00,8.49
t305,0.00,1.50,0.00,8.51
t306,0.00,1.50,0.00,8.54
t307,0.00,1.50,0.00,8.56
t308,0.00,1.50,0.00,8.58
t309,0.00,1.50,0.00,8.60
t310,0.00,1.50,0.00,8.62
t311,0.00,1.50,0.00,8.64
t312,0.00,1.50,0.00,8.66
t313,0.00,1.50,0.00,8.69
t314,0.00,1.50,0.00,8.71
t315,0.00,1.50,0.00,8.73
t316,0.00,1.50,0.00,8.75
t317,0.00,1.50,0.00,8.77
t318,0.00,1.50,0.00,8.79
t319,0.00,1.50,0.00,8.81
t320,0.00,1.50,0.00,8.83
t321,0.00,1.50,0.00,8.86
t322,0.00,1.50,0.00,8.88
t323,0.00,1.50,0.00,8.90
t324,0.00,1.50,0.00,8.92
t325,0.00,1.50,0.00,8.94
t326,0.00,1.50,0.00,8.96
t327,0.00,1.50,0.00,8.98
t328,0.00,1.50,0.00,9.01
t329,0.00,1.50,0.00,9.03
t330,0.00,1.50,0.00,9.05
t331,0.00,1.50,0.00,9.07
t332,0.00,1.50,0.00,9.09
t333,0.00,1.50,0.00,9.11
t334,0.00,1.50,0.00,9.13
t335,0.00,1.50,0.00,9.15
t336,0.00,1.50,0.00,9.18
t337,0.00,1.50,0.00,9.20
t338,0.00,1.50,0.00,9.22
t339,0.00,1.50,0.00,9.24
t340,0.00,1.50,0.00,9.26
t341,0.00,1.50,0.00,9.28
t342,0.00,1.50,0.00,9.30
t343,0.00,1.50,0.00,9.33
t344,0.00,1.50,0.00,9.35
t345,0.00,1.50,0.00,9.37
t346,0.00,1.50,0.00,9.39
t347,0.00,1.50,0.00,9.41
t348,0.00,1.50,0.00,9.43
t349,0.00,1.50,0.00,9.45
t350,0.00,1.50,0.00,9.48
t351,0.00,1.50,0.00,9.50
t352,0.00,1.50,0.00,9.52
t353,0.00,1.50,0.00,9.54
t354,0.00,1.50,0.00,9.56
t355,0.00,1.50,0.00,9.58
t356,0.00,1.50,0.00,9.60
t357,0.00,1.50,0.00,9.62
t358,0.00,1.50,0.00,9.65
t359,0.00,1.50,0.00,9.67
t360,0.00,1.50,0.00,9.69
t361,0.00,1.50,0.00,9.71
t362,0.00,1.50,0.00,9.73
t363,0.00,1.50,0.00,9.75
t364,0.00,1.50,0.00,9.77
t365,0.00,1.50,0.00,9.80
t366,0.09,1.50,0.02,9.82
t367,0.18,1.50,0.05,9.84
t368,0.27,1.50,0.07,9.86
t369,0.36,1.50,0.09,9.88
t370,0.45,1.50,0.11,9.90
t371,0.53,1.50,0.14,9.92
t372,0.62,1.50,0.16,9.95
t373,0.71,1.50,0.18,9.97
t374,0.80,1.50,0.21,9.99
t375,0.89,1.50,0.23,10.01
t376,0.98,1.50,0.25,10.03
t377,1.07,1.50,0.27,10.05
t378,1.16,1.50,0.30,10.07
t379,1.25,1.50,0.32,10.09
t380,1.34,1.50,0.34,10.12
t381,1.42,1.50,0.36,10.14
t382,1.51,1.50,0.39,10.16
t383,1.60,1.50,0.41,10.18
t384,1.69,1.50,0.43,10.20
t385,1.78,1.50,0.46,10.22
t386,1.87,1.50,0.48,10.24
t387,1.96,1.50,0.50,10.27
t388,2.05,1.50,0.52,10.29
t389,2.14,1.50,0.55,10.31
t390,2.23,1.50,0.57,10.33
t391,2.32,1.50,0.59,10.35
t392,2.40,1.50,0.62,10.37
t393,2.49,1.50,0.64,10.39
t394,2.58,1.50,0.66,10.42
t395,2.67,1.50,0.68,10.44
t396,2.76,1.50,0.71,10.46
t397,2.85,1.50,0.73,10.48
t398,2.94,1.50,0.75,10.50
t399,3.03,1.50,0.78,10.52
t400,3.12,1.50,0.80,10.54
t401,3.21,1.50,0.82,10.56
t402,3.29,1.50,0.84,10.59
t403,3.38,1.50,0.87,10.61
t404,3.47,1.50,0.89,10.63
t405,3.56,1.50,0.91,10.65
t406,3.65,1.50,0.94,10.67
t407,3.74,1.50,0.96,10.69
t408,3.83,1.50,0.98,10.71
t409,3.92,1.50,1.00,10.74
t410,4.01,1.50,1.03,10.76
t411,4.10,1.50,1.05,10.78
t412,4.18,1.50,1.07,10.80
t413,4.27,1.50,1.09,10.82
t414,4.36,1.50,1.12,10.84
t415,4.45,1.50,1.14,10.86
t416,4.54,1.50,1.16,10.88
t417,4.63,1.50,1.19,10.91
t418,4.72,1.50,1.21,10.93
t419,4.81,1.50,1.23,10.95
t420,4.90,1.50,1.25,10.97
t421,4.99,1.50,1.28,10.99
t422,5.08,1.50,1.30,11.01
t423,5.16,1.50,1.32,11.03
t424,5.25,1.50,1.35,11.06
t425,5.34,1.50,1.37,11.08
t426,5.43,1.50,1.39,11.10
t427,5.52,1.50,1.41,11.12
t428,5.61,1.50,1.44,11.14
t429,5.70,1.50,1.46,11.16
t430,5.79,1.50,1.48,11.18
t431,5.88,1.50,1.51,11.21
t432,5.97,1.50,1.53,11.23
t433,6.05,1.50,1.55,11.25
t434,6.14,1.50,1.57,11.27
t435,6.23,1.50,1.60,11.29
t436,6.32,1.50,1.62,11.31
t437,6.41,1.50,1.64,11.33
t438,6.50,1.50,1.67,11.35
t439,6.59,1.50,1.69,11.38
t440,6.68,1.50,1.71,11.40
t441,6.77,1.50,1.73,11.42
t442,6.86,1.50,1.76,11.44
t443,6.95,1.50,1.78,11.46
t444,7.03,1.50,1.80,11.48
t445,7.12,1.50,1.82,11.50
t446,7.21,1.50,1.85,11.53
t447,7.30,1.50,1.87,11.55
t448,7.39,1.50,1.89,11.57
t449,7.48,1.50,1.92,11.59
t450,7.57,1.50,1.94,11.61
t451,7.66,1.50,1.96,11.63
t452,7.75,1.50,1.98,11.65
t453,7.84,1.50,2.01,11.68
t454,7.92,1.50,2.03,11.70
t455,8.01,1.50,2.05,11.72
t456,8.10,1.50,2.08,11.74
t457,8.19,1.50,2.10,11.76
t458,8.28,1.50,2.12,11.78
t459,8.37,1.50,2.14,11.80
t460,8.46,1.50,2.17,11.82
t461,8.55,1.50,2.19,11.85
t462,8.64,1.50,2.21,11.87
t463,8.73,1.50,2.24,11.89
t464,8.82,1.50,2.26,11.91
t465,8.90,1.50,2.28,11.93
t466,8.99,1.50,2.30,11.95
t467,9.08,1.50,2.33,11.97
t468,9.17,1.50,2.35,12.00
t469,9.26,1.50,2.37,12.02
t470,9.35,1.50,2.40,12.04
t471,9.44,1.50,2.42,12.06
t472,9.53,1.50,2.44,12.08
t473,9.62,1.50,2.46,12.10
t474,9.71,1.50,2.49,12.12
t475,9.79,1.50,2.51,12.15
t476,9.88,1.50,2.53,12.17
t477,9.97,1.50,2.55,12.19
t478,10.06,1.50,2.58,12.21
t479,10.15,1.50,2.60,12.23
t480,10.24,1.50,2.62,12.25
t481,10.33,1.50,2.65,12.27
t482,10.42,1.50,2.67,12.29
t483,10.51,1.50,2.69,12.32
t484,10.60,1.50,2.71,12.34
t485,10.68,1.50,2.74,12.36
t486,10.77,1.50,2.76,12.38
t487,10.86,1.50,2.78,12.40
t488,10.95,1.50,2.81,12.42
t489,11.04,1.50,2.83,12.44
t490,11.13,1.50,2.85,12.47
t491,11.22,1.50,2.87,12.49
t492,11.31,1.50,2.90,12.51
t493,11.40,1.50,2.92,12.53
t494,11.49,1.50,2.94,12.55
t495,11.58,1.50,2.97,12.57
t496,11.66,1.50,2.99,12.59
t497,11.75,1.50,3.01,12.62
t498,11.84,1.50,3.03,12.64
t499,11.93,1.50,3.06,12.66
t500,12.02,1.50,3.08,12.68
t501,12.11,1.50,3.10,12.70
t502,12.20,1.50,3.12,12.72
t503,12.29,1.50,3.15,12.74
t504,12.38,1.50,3.17,12.76
t505,12.47,1.50,3.19,12.79
t506,12.55,1.50,3.22,12.81
t507,12.64,1.50,3.24,12.83
t508,12.73,1.50,3.26,12.85
t509,12.82,1.50,3.28,12.87
t510,12.91,1.50,3.31,12.89
t511,13.00,1.50,3.33,12.91
t512,13.09,1.50,3.35,12.94
t513,13.18,1.50,3.38,12.96
t514,13.27,1.50,3.40,12.98
t515,13.36,1.50,3.42,13.00
t516,13.45,1.50,3.44,13.02
t517,13.53,1.50,3.47,13.04
t518,13.62,1.50,3.49,13.06
t519,13.71,1.50,3.51,13.08
t520,13.80,1.50,3.54,13.11
t521,13.89,1.50,3.56,13.13
t522,13.98,1.50,3.58,13.15
t523,14.07,1.50,3.60,13.17
t524,14.16,1.50,3.63,13.19
t525,14.25,1.50,3.65,13.21
t526,14.34,1.50,3.67,13.23
t527,14.42,1.50,3.70,13.26
t528,14.51,1.50,3.72,13.28
t529,14.60,1.50,3.74,13.30
t530,14.69,1.50,3.76,13.32
t531,14.78,1.50,3.79,13.34
t532,14.87,1.50,3.81,13.36
t533,14.96,1.50,3.83,13.38
t534,15.05,1.50,3.85,13.41
t535,15.14,1.50,3.88,13.43
t536,15.23,1.50,3.90,13.45
t537,15.32,1.50,3.92,13.47
t538,15.40,1.50,3.95,13.49
t539,15.49,1.50,3.97,13.51
t540,15.58,1.50,3.99,13.53
t541,15.67,1.50,4.01,13.55
t542,15.76,1.50,4.04,13.58
t543,15.85,1.50,4.06,13.60
t544,15.94,1.50,4.08,13.62
t545,16.03,1.50,4.11,13.64
t546,16.12,1.50,4.13,13.66
t547,16.21,1.50,4.15,13.68
t548,16.29,1.50,4.17,13.70
t549,16.38,1.50,4.20,13.73
t550,16.47,1.50,4.22,13.75
t551,16.56,1.50,4.24,13.77
t552,16.65,1.50,4.27,13.79
t553,16.74,1.50,4.29,13.81
t554,16.83,1.50,4.31,13.83
t555,16.92,1.50,4.33,13.85
t556,17.01,1.50,4.36,13.88
t557,17.10,1.50,4.38,13.90
t558,17.18,1.50,4.40,13.92
t559,17.27,1.50,4.43,13.94
t560,17.36,1.50,4.45,13.96
t561,17.45,1.50,4.47,13.98
t562,17.54,1.50,4.49,14.00
t563,17.63,1.50,4.52,14.02
t564,17.72,1.50,4.54,14.05
t565,17.81,1.50,4.56,14.07
t566,17.90,1.50,4.58,14.09
t567,17.99,1.50,4.61,14.11
t568,18.08,1.50,4.63,14.13
t569,18.16,1.50,4.65,14.15
t570,18.25,1.50,4.68,14.17
t571,18.34,1.50,4.70,14.20
t572,18.43,1.50,4.72,14.22
t573,18.52,1.50,4.74,14.24
t574,18.61,1.50,4.77,14.26
t575,18.70,1.50,4.79,14.28
t576,18.79,1.50,4.81,14.30
t577,18.88,1.50,4.84,14.32
t578,18.97,1.50,4.86,14.35
t579,19.05,1.50,4.88,14.37
t580,19.14,1.50,4.90,14.39
t581,19.23,1.50,4.93,14.41
t582,19.32,1.50,4.95,14.43
t583,19.41,1.50,4.97,14.45
t584,19.50,1.50,5.00,14.47
t585,19.59,1.50,5.02,14.49
t586,19.68,1.50,5.04,14.52
t587,19.77,1.50,5.06,14.54
t588,19.86,1.50,5.09,14.56
t589,19.95,1.50,5.11,14.58
t590,20.03,1.50,5.13,14.60
t591,20.12,1.50,5.16,14.62
t592,20.21,1.50,5.18,14.64
t593,20.30,1.50,5.20,14.67
t594,20.39,1.50,5.22,14.69
t595,20.48,1.50,5.25,14.71
t596,20.57,1.50,5.27,14.73
t597,20.66,1.50,5.29,14.75
t598,20.75,1.50,5.31,14.77
t599,20.84,1.50,5.34,14.79
t600,20.92,1.50,5.36,14.81
t601,21.01,1.50,5.38,14.84
t602,21.10,1.50,5.41,14.86
t603,21.19,1.50,5.43,14.88
t604,21.28,1.50,5.45,14.90
t605,21.37,1.50,5.47,14.92
t606,21.46,1.50,5.50,14.94
t607,21.55,1.50,5.52,14.96
t608,21.64,1.50,5.54,14.99
t609,21.73,1.50,5.57,15.01
t610,21.82,1.50,5.59,15.03
t611,21.90,1.50,5.61,15.05
t612,21.99,1.50,5.63,15.07
t613,22.08,1.50,5.66,15.09
t614,22.17,1.50,5.68,15.11
t615,22.26,1.50,5.70,15.14
t616,22.35,1.50,5.73,15.16
t617,22.44,1.50,5.75,15.18
t618,22.53,1.50,5.77,15.20
t619,22.62,1.50,5.79,15.22
t620,22.71,1.50,5.82,15.24
t621,22.79,1.50,5.84,15.26
t622,22.88,1.50,5.86,15.28
t623,22.97,1.50,5.89,15.31
t624,23.06,1.50,5.91,15.33
t625,23.15,1.50,5.93,15.35
t626,23.24,1.50,5.95,15.37
t627,23.33,1.50,5.98,15.39
t628,23.42,1.50,6.00,15.41
t629,23.51,1.50,6.02,15.43
t630,23.60,1.50,6.04,15.46
t631,23.68,1.50,6.07,15.48
t632,23.77,1.50,6.09,15.50
t633,23.86,1.50,6.11,15.52
t634,23.95,1.50,6.14,15.54
t635,24.04,1.50,6.16,15.56
t636,24.13,1.50,6.18,15.58
t637,24.22,1.50,6.20,15.61
t638,24.31,1.50,6.23,15.63
t639,24.40,1.50,6.25,15.65
t640,24.49,1.50,6.27,15.67
t641,24.58,1.50,6.30,15.69
t642,24.66,1.50,6.32,15.71
t643,24.75,1.50,6.34,15.73
t644,24.84,1.50,6.36,15.75
t645,24.93,1.50,6.39,15.78
t646,25.02,1.50,6.41,15.80
t647,25.11,1.50,6.43,15.82
t648,25.20,1.50,6.46,15.84
t649,25.29,1.50,6.48,15.86
t650,25.38,1.50,6.50,15.88
t651,25.47,1.50,6.52,15.90
t652,25.55,1.50,6.55,15.93
t653,25.64,1.50,6.57,15.95
t654,25.73,1.50,6.59,15.97
t655,25.82,1.50,6.61,15.99
t656,25.91,1.50,6.64,16.01
t657,26.00,1.50,6.66,16.03
t658,26.09,1.50,6.68,16.05
t659,26.18,1.50,6.71,16.08
t660,26.27,1.50,6.73,16.10
t661,26.36,1.50,6.75,16.12
t662,26.45,1.50,6.77,16.14
t663,26.53,1.50,6.80,16.16
t664,26.62,1.50,6.82,16.18
t665,26.71,1.50,6.84,16.20
t666,26.80,1.50,6.87,16.22
t667,26.89,1.50,6.89,16.25
t668,26.98,1.50,6.91,16.27
t669,27.07,1.50,6.93,16.29
t670,27.16,1.50,6.96,16.31
t671,27.25,1.50,6.98,16.33
t672,27.34,1.50,7.00,16.35
t673,27.42,1.50,7.03,16.37
t674,27.51,1.50,7.05,16.40
t675,27.60,1.50,7.07,16.42
t676,27.69,1.50,7.09,16.44
t677,27.78,1.50,7.12,16.46
t678,27.87,1.50,7.14,16.48
t679,27.96,1.50,7.16,16.50
t680,28.05,1.50,7.19,16.52
t681,28.14,1.50,7.21,16.54
t682,28.23,1.50,7.23,16.57
t683,28.32,1.50,7.25,16.59
t684,28.40,1.50,7.28,16.61
t685,28.49,1.50,7.30,16.63
t686,28.58,1.50,7.32,16.65
t687,28.67,1.50,7.34,16.67
t688,28.76,1.50,7.37,16.69
t689,28.85,1.50,7.39,16.72
t690,28.94,1.50,7.41,16.74
t691,29.03,1.50,7.44,16.76
t692,29.12,1.50,7.46,16.78
t693,29.21,1.50,7.48,16.80
t694,29.29,1.50,7.50,16.82
t695,29.38,1.50,7.53,16.84
t696,29.47,1.50,7.55,16.87
t697,29.56,1.50,7.57,16.89
t698,29.65,1.50,7.60,16.91
t699,29.74,1.50,7.62,16.93
t700,29.83,1.50,7.64,16.95
t701,29.92,1.50,7.66,16.97
t702,30.01,1.50,7.69,16.99
t703,30.10,1.50,7.71,17.01
t704,30.18,1.50,7.73,17.04
t705,30.27,1.50,7.76,17.06
t706,30.36,1.50,7.78,17.08
t707,30.45,1.50,7.80,17.10
t708,30.54,1.50,7.82,17.12
t709,30.63,1.50,7.85,17.14
t710,30.72,1.50,7.87,17.16
t711,30.81,1.50,7.89,17.19
t712,30.90,1.50,7.92,17.21
t713,30.99,1.50,7.94,17.23
t714,31.08,1.50,7.96,17.25
t715,31.16,1.50,7.98,17.27
t716,31.25,1.50,8.01,17.29
t717,31.34,1.50,8.03,17.31
t718,31.43,1.50,8.05,17.34
t719,31.52,1.50,8.07,17.36
t720,31.61,1.50,8.10,17.38
t721,31.70,1.50,8.12,17.40
t722,31.79,1.50,8.14,17.42
t723,31.88,1.50,8.17,17.44
t724,31.97,1.50,8.19,17.46
t725,32.05,1.50,8.21,17.48
t726,32.14,1.50,8.23,17.51
t727,32.23,1.50,8.26,17.53
t728,32.32,1.50,8.28,17.55
t729,32.41,1.50,8.30,17.57
t730,32.50,1.50,8.33,17.59
t731,32.50,1.50,8.35,17.61
t732,32.50,1.50,8.37,17.63
t733,32.50,1.50,8.39,17.66
t734,32.50,1.50,8.42,17.68
t735,32.50,1.50,8.44,17.70
t736,32.50,1.50,8.46,17.72
t737,32.50,1.50,8.49,17.74
t738,32.50,1.50,8.51,17.76
t739,32.50,1.50,8.53,17.78
t740,32.50,1.50,8.55,17.81
t741,32.50,1.50,8.58,17.83
t742,32.50,1.50,8.60,17.85
t743,32.50,1.50,8.62,17.87
t744,32.50,1.50,8.65,17.89
t745,32.50,1.50,8.67,17.91
t746,32.50,1.50,8.69,17.93
t747,32.50,1.50,8.71,17.95
t748,32.50,1.50,8.74,17.98
t749,32.50,1.50,8.76,18.00
t750,32.50,1.50,8.78,18.02
t751,32.50,1.50,8.80,18.04
t752,32.50,1.50,8.83,18.06
t753,32.50,1.50,8.85,18.08
t754,32.50,1.50,8.87,18.10
t755,32.50,1.50,8.90,18.13
t756,32.50,1.50,8.92,18.15
t757,32.50,1.50,8.94,18.17
t758,32.50,1.50,8.96,18.19
t759,32.50,1.50,8.99,18.21
t760,32.50,1.50,9.01,18.23
t761,32.50,1.50,9.03,18.25
t762,32.50,1.50,9.06,18.27
t763,32.50,1.50,9.08,18.30
t764,32.50,1.50,9.10,18.32
t765,32.50,1.50,9.12,18.34
t766,32.50,1.50,9.15,18.36
t767,32.50,1.50,9.17,18.38
t768,32.50,1.50,9.19,18.40
t769,32.50,1.50,9.22,18.42
t770,32.50,1.50,9.24,18.45
t771,32.50,1.50,9.26,18.47
t772,32.50,1.50,9.28,18.49
t773,32.50,1.50,9.31,18.51
t774,32.50,1.50,9.33,18.53
t775,32.50,1.50,9.35,18.55
t776,32.50,1.50,9.38,18.57
t777,32.50,1.50,9.40,18.60
t778,32.50,1.50,9.42,18.62
t779,32.50,1.50,9.44,18.64
t780,32.50,1.50,9.47,18.66
t781,32.50,1.50,9.49,18.68
t782,32.50,1.50,9.51,18.70
t783,32.50,1.50,9.53,18.72
t784,32.50,1.50,9.56,18.74
t785,32.50,1.50,9.58,18.77
t786,32.50,1.50,9.60,18.79
t787,32.50,1.50,9.63,18.81
t788,32.50,1.50,9.65,18.83
t789,32.50,1.50,9.67,18.85
t790,32.50,1.50,9.69,18.87
t791,32.50,1.50,9.72,18.89
t792,32.50,1.50,9.74,18.92
t793,32.50,1.50,9.76,18.94
t794,32.50,1.50,9.79,18.96
t795,32.50,1.50,9.81,18.98
t796,32.50,1.50,9.83,19.00
t797,32.50,1.50,9.85,19.02
t798,32.50,1.50,9.88,19.04
t799,32.50,1.50,9.90,19.07
t800,32.50,1.50,9.92,19.09
t801,32.50,1.50,9.95,19.11
t802,32.50,1.50,9.97,19.13
t803,32.50,1.50,9.99,19.15
t804,32.50,1.50,10.01,19.17
t805,32.50,1.50,10.04,19.19
t806,32.50,1.50,10.06,19.21
t807,32.50,1.50,10.08,19.24
t808,32.50,1.50,10.10,19.26
t809,32.50,1.50,10.13,19.28
t810,32.50,1.50,10.15,19.30
t811,32.50,1.50,10.17,19.32
t812,32.50,1.50,10.20,19.34
t813,32.50,1.50,10.22,19.36
t814,32.50,1.50,10.24,19.39
t815,32.50,1.50,10.26,19.41
t816,32.50,1.50,10.29,19.43
t817,32.50,1.50,10.31,19.45
t818,32.50,1.50,10.33,19.47
t819,32.50,1.50,10.36,19.49
t820,32.50,1.50,10.38,19.51
t821,32.50,1.50,10.40,19.54
t822,32.50,1.50,10.42,19.56
t823,32.50,1.50,10.45,19.58
t824,32.50,1.50,10.47,19.60
t825,32.50,1.50,10.49,19.62
t826,32.50,1.50,10.52,19.64
t827,32.50,1.50,10.54,19.66
t828,32.50,1.50,10.56,19.68
t829,32.50,1.50,10.58,19.71
t830,32.50,1.50,10.61,19.73
t831,32.50,1.50,10.63,19.75
t832,32.50,1.50,10.65,19.77
t833,32.50,1.50,10.68,19.79
t834,32.50,1.50,10.70,19.81
t835,32.50,1.50,10.72,19.83
t836,32.50,1.50,10.74,19.86
t837,32.50,1.50,10.77,19.88
t838,32.50,1.50,10.79,19.90
t839,32.50,1.50,10.81,19.92
t840,32.50,1.50,10.83,19.94
t841,32.50,1.50,10.86,19.96
t842,32.50,1.50,10.88,19.98
t843,32.50,1.50,10.90,20.00
t844,32.50,1.50,10.93,20.03
t845,32.50,1.50,10.95,20.05
t846,32.50,1.50,10.97,20.07
t847,32.50,1.50,10.99,20.09
t848,32.50,1.50,11.02,20.11
t849,32.50,1.50,11.04,20.13
t850,32.50,1.50,11.06,20.15
t851,32.50,1.50,11.09,20.18
t852,32.50,1.50,11.11,20.20
t853,32.50,1.50,11.13,20.22
t854,32.50,1.50,11.15,20.24
t855,32.50,1.50,11.18,20.26
t856,32.50,1.50,11.20,20.28
t857,32.50,1.50,11.22,20.30
t858,32.50,1.50,11.25,20.33
t859,32.50,1.50,11.27,20.35
t860,32.50,1.50,11.29,20.37
t861,32.50,1.50,11.31,20.39
t862,32.50,1.50,11.34,20.41
t863,32.50,1.50,11.36,20.43
t864,32.50,1.50,11.38,20.45
t865,32.50,1.50,11.41,20.47
t866,32.50,1.50,11.43,20.50
t867,32.50,1.50,11.45,20.52
t868,32.50,1.50,11.47,20.54
t869,32.50,1.50,11.50,20.56
t870,32.50,1.50,11.52,20.58
t871,32.50,1.50,11.54,20.60
t872,32.50,1.50,11.56,20.62
t873,32.50,1.50,11.59,20.65
t874,32.50,1.50,11.61,20.67
t875,32.50,1.50,11.63,20.69
t876,32.50,1.50,11.66,20.71
t877,32.50,1.50,11.68,20.73
t878,32.50,1.50,11.70,20.75
t879,32.50,1.50,11.72,20.77
t880,32.50,1.50,11.75,20.80
t881,32.50,1.50,11.77,20.82
t882,32.50,1.50,11.79,20.84
t883,32.50,1.50,11.82,20.86
t884,32.50,1.50,11.84,20.88
t885,32.50,1.50,11.86,20.90
t886,32.50,1.50,11.88,20.92
t887,32.50,1.50,11.91,20.94
t888,32.50,1.50,11.93,20.97
t889,32.50,1.50,11.95,20.99
t890,32.50,1.50,11.98,21.01
t891,32.50,1.50,12.00,21.03
t892,32.50,1.50,12.02,21.05
t893,32.50,1.50,12.04,21.07
t894,32.50,1.50,12.07,21.09
t895,32.50,1.50,12.09,21.12
t896,32.50,1.50,12.11,21.14
t897,32.50,1.50,12.14,21.16
t898,32.50,1.50,12.16,21.18
t899,32.50,1.50,12.18,21.20
t900,32.50,1.50,12.20,21.22
t901,32.50,1.50,12.23,21.24
t902,32.50,1.50,12.25,21.27
t903,32.50,1.50,12.27,21.29
t904,32.50,1.50,12.29,21.31
t905,32.50,1.50,12.32,21.33
t906,32.50,1.50,12.34,21.35
t907,32.50,1.50,12.36,21.37
t908,32.50,1.50,12.39,21.39
t909,32.50,1.50,12.41,21.41
t910,32.50,1.50,12.43,21.44
t911,32.50,1.50,12.45,21.46
t912,32.50,1.50,12.48,21.48
t913,32.50,1.50,12.50,21.50
t914,32.50,1.50,12.52,21.52
t915,32.50,1.50,12.55,21.54
t916,32.50,1.50,12.57,21.56
t917,32.50,1.50,12.59,21.59
t918,32.50,1.50,12.61,21.61
t919,32.50,1.50,12.64,21.63
t920,32.50,1.50,12.66,21.65
t921,32.50,1.50,12.68,21.67
t922,32.50,1.50,12.71,21.69
t923,32.50,1.50,12.73,21.71
t924,32.50,1.50,12.75,21.73
t925,32.50,1.50,12.77,21.76
t926,32.50,1.50,12.80,21.78
t927,32.50,1.50,12.82,21.80
t928,32.50,1.50,12.84,21.82
t929,32.50,1.50,12.86,21.84
t930,32.50,1.50,12.89,21.86
t931,32.50,1.50,12.91,21.88
t932,32.50,1.50,12.93,21.91
t933,32.50,1.50,12.96,21.93
t934,32.50,1.50,12.98,21.95
t935,32.50,1.50,13.00,21.97
t936,32.50,1.50,13.02,21.99
t937,32.50,1.50,13.05,22.01
t938,32.50,1.50,13.07,22.03
t939,32.50,1.50,13.09,22.06
t940,32.50,1.50,13.12,22.08
t941,32.50,1.50,13.14,22.10
t942,32.50,1.50,13.16,22.12
t943,32.50,1.50,13.18,22.14
t944,32.50,1.50,13.21,22.16
t945,32.50,1.50,13.23,22.18
t946,32.50,1.50,13.25,22.20
t947,32.50,1.50,13.28,22.23
t948,32.50,1.50,13.30,22.25
t949,32.50,1.50,13.32,22.27
t950,32.50,1.50,13.34,22.29
t951,32.50,1.50,13.37,22.31
t952,32.50,1.50,13.39,22.33
t953,32.50,1.50,13.41,22.35
t954,32.50,1.50,13.44,22.38
t955,32.50,1.50,13.46,22.40
t956,32.50,1.50,13.48,22.42
t957,32.50,1.50,13.50,22.44
t958,32.50,1.50,13.53,22.46
t959,32.50,1.50,13.55,22.48
t960,32.50,1.50,13.57,22.50
t961,32.50,1.50,13.59,22.53
t962,32.50,1.50,13.62,22.55
t963,32.50,1.50,13.64,22.57
t964,32.50,1.50,13.66,22.59
t965,32.50,1.50,13.69,22.61
t966,32.50,1.50,13.71,22.63
t967,32.50,1.50,13.73,22.65
t968,32.50,1.50,13.75,22.67
t969,32.50,1.50,13.78,22.70
t970,32.50,1.50,13.80,22.72
t971,32.50,1.50,13.82,22.74
t972,32.50,1.50,13.85,22.76
t973,32.50,1.50,13.87,22.78
t974,32.50,1.50,13.89,22.80
t975,32.50,1.50,13.91,22.82
t976,32.50,1.50,13.94,22.85
t977,32.50,1.50,13.96,22.87
t978,32.50,1.50,13.98,22.89
t979,32.50,1.50,14.01,22.91
t980,32.50,1.50,14.03,22.93
t981,32.50,1.50,14.05,22.95
t982,32.50,1.50,14.07,22.97
t983,32.50,1.50,14.10,23.00
t984,32.50,1.50,14.12,23.02
t985,32.50,1.50,14.14,23.04
t986,32.50,1.50,14.17,23.06
t987,32.50,1.50,14.19,23.08
t988,32.50,1.50,14.21,23.10
t989,32.50,1.50,14.23,23.12
t990,32.50,1.50,14.26,23.14
t991,32.50,1.50,14.28,23.17
t992,32.50,1.50,14.30,23.19
t993,32.50,1.50,14.32,23.21
t994,32.50,1.50,14.35,23.23
t995,32.50,1.50,14.37,23.25
t996,32.50,1.50,14.39,23.27
t997,32.50,1.50,14.42,23.29
t998,32.50,1.50,14.44,23.32
t999,32.50,1.50,14.46,23.34
t1000,32.50,1.50,14.48,23.36
t1001,32.50,1.50,14.51,23.38
t1002,32.50,1.50,14.53,23.40
t1003,32.50,1.50,14.55,23.42
t1004,32.50,1.50,14.58,23.44
t1005,32.50,1.50,14.60,23.46
t1006,32.50,1.50,14.62,23.49
t1007,32.50,1.50,14.64,23.51
t1008,32.50,1.50,14.67,23.53
t1009,32.50,1.50,14.69,23.55
t1010,32.50,1.50,14.71,23.57
t1011,32.50,1.50,14.74,23.59
t1012,32.50,1.50,14.76,23.61
t1013,32.50,1.50,14.78,23.64
t1014,32.50,1.50,14.80,23.66
t1015,32.50,1.50,14.83,23.68
t1016,32.50,1.50,14.85,23.70
t1017,32.50,1.50,14.87,23.72
t1018,32.50,1.50,14.90,23.74
t1019,32.50,1.50,14.92,23.76
t1020,32.50,1.50,14.94,23.79
t1021,32.50,1.50,14.96,23.81
t1022,32.50,1.50,14.99,23.83
t1023,32.50,1.50,15.01,23.85
t1024,32.50,1.50,15.03,23.87
t1025,32.50,1.50,15.05,23.89
t1026,32.50,1.50,15.08,23.91
t1027,32.50,1.50,15.10,23.93
t1028,32.50,1.50,15.12,23.96
t1029,32.50,1.50,15.15,23.98
t1030,32.50,1.50,15.17,24.00
t1031,32.50,1.50,15.19,24.02
t1032,32.50,1.50,15.21,24.04
t1033,32.50,1.50,15.24,24.06
t1034,32.50,1.50,15.26,24.08
t1035,32.50,1.50,15.28,24.11
t1036,32.50,1.50,15.31,24.13
t1037,32.50,1.50,15.33,24.15
t1038,32.50,1.50,15.35,24.17
t1039,32.50,1.50,15.37,24.19
t1040,32.50,1.50,15.40,24.21
t1041,32.50,1.50,15.42,24.23
t1042,32.50,1.50,15.44,24.26
t1043,32.50,1.50,15.47,24.28
t1044,32.50,1.50,15.49,24.30
t1045,32.50,1.50,15.51,24.32
t1046,32.50,1.50,15.53,24.34
t1047,32.50,1.50,15.56,24.36
t1048,32.50,1.50,15.58,24.38
t1049,32.50,1.50,15.60,24.40
t1050,32.50,1.50,15.63,24.43
t1051,32.50,1.50,15.65,24.45
t1052,32.50,1.50,15.67,24.47
t1053,32.50,1.50,15.69,24.49
t1054,32.50,1.50,15.72,24.51
t1055,32.50,1.50,15.74,24.53
t1056,32.50,1.50,15.76,24.55
t1057,32.50,1.50,15.78,24.58
t1058,32.50,1.50,15.81,24.60
t1059,32.50,1.50,15.83,24.62
t1060,32.50,1.50,15.85,24.64
t1061,32.50,1.50,15.88,24.66
t1062,32.50,1.50,15.90,24.68
t1063,32.50,1.50,15.92,24.70
t1064,32.50,1.50,15.94,24.73
t1065,32.50,1.50,15.97,24.75
t1066,32.50,1.50,15.99,24.77
t1067,32.50,1.50,16.01,24.79
t1068,32.50,1.50,16.04,24.81
t1069,32.50,1.50,16.06,24.83
t1070,32.50,1.50,16.08,24.85
t1071,32.50,1.50,16.10,24.87
t1072,32.50,1.50,16.13,24.90
t1073,32.50,1.50,16.15,24.92
t1074,32.50,1.50,16.17,24.94
t1075,32.50,1.50,16.20,24.96
t1076,32.50,1.50,16.22,24.98
t1077,32.50,1.50,16.24,25.00
t1078,32.50,1.50,16.26,25.02
t1079,32.50,1.50,16.29,25.05
t1080,32.50,1.50,16.31,25.07
t1081,32.50,1.50,16.33,25.09
t1082,32.50,1.50,16.35,25.11
t1083,32.50,1.50,16.38,25.13
t1084,32.50,1.50,16.40,25.15
t1085,32.50,1.50,16.42,25.17
t1086,32.50,1.50,16.45,25.19
t1087,32.50,1.50,16.47,25.22
t1088,32.50,1.50,16.49,25.24
t1089,32.50,1.50,16.51,25.26
t1090,32.50,1.50,16.54,25.28
t1091,32.50,1.50,16.56,25.30
t1092,32.50,1.50,16.58,25.32
t1093,32.50,1.50,16.61,25.34
t1094,32.50,1.50,16.63,25.37
t1095,32.50,1.50,16.65,25.39
t1096,32.50,1.50,16.67,25.41
t1097,32.50,1.50,16.70,25.43
t1098,32.50,1.50,16.72,25.45
t1099,32.50,1.50,16.74,25.47
t1100,32.50,1.50,16.77,25.49
t1101,32.50,1.50,16.79,25.52
t1102,32.50,1.50,16.81,25.54
t1103,32.50,1.50,16.83,25.56
t1104,32.50,1.50,16.86,25.58
t1105,32.50,1.50,16.88,25.60
t1106,32.50,1.50,16.90,25.62
t1107,32.50,1.50,16.93,25.64
t1108,32.50,1.50,16.95,25.66
t1109,32.50,1.50,16.97,25.69
t1110,32.50,1.50,16.99,25.71
t1111,32.50,1.50,17.02,25.73
t1112,32.50,1.50,17.04,25.75
t1113,32.50,1.50,17.06,25.77
t1114,32.50,1.50,17.08,25.79
t1115,32.50,1.50,17.11,25.81
t1116,32.50,1.50,17.13,25.84
t1117,32.50,1.50,17.15,25.86
t1118,32.50,1.50,17.18,25.88
t1119,32.50,1.50,17.20,25.90
t1120,32.50,1.50,17.22,25.92
t1121,32.50,1.50,17.24,25.94
t1122,32.50,1.50,17.27,25.96
t1123,32.50,1.50,17.29,25.99
t1124,32.50,1.50,17.31,26.01
t1125,32.50,1.50,17.34,26.03
t1126,32.50,1.50,17.36,26.05
t1127,32.50,1.50,17.38,26.07
t1128,32.50,1.50,17.40,26.09
t1129,32.50,1.50,17.43,26.11
t1130,32.50,1.50,17.45,26.13
t1131,32.50,1.50,17.47,26.16
t1132,32.50,1.50,17.50,26.18
t1133,32.50,1.50,17.52,26.20
t1134,32.50,1.50,17.54,26.22
t1135,32.50,1.50,17.56,26.24
t1136,32.50,1.50,17.59,26.26
t1137,32.50,1.50,17.61,26.28
t1138,32.50,1.50,17.63,26.31
t1139,32.50,1.50,17.66,26.33
t1140,32.50,1.50,17.68,26.35
t1141,32.50,1.50,17.70,26.37
t1142,32.50,1.50,17.72,26.39
t1143,32.50,1.50,17.75,26.41
t1144,32.50,1.50,17.77,26.43
t1145,32.50,1.50,17.79,26.46
t1146,32.50,1.50,17.81,26.48
t1147,32.50,1.50,17.84,26.50
t1148,32.50,1.50,17.86,26.52
t1149,32.50,1.50,17.88,26.54
t1150,32.50,1.50,17.91,26.56
t1151,32.50,1.50,17.93,26.58
t1152,32.50,1.50,17.95,26.60
t1153,32.50,1.50,17.97,26.63
t1154,32.50,1.50,18.00,26.65
t1155,32.50,1.50,18.02,26.67
t1156,32.50,1.50,18.04,26.69
t1157,32.50,1.50,18.07,26.71
t1158,32.50,1.50,18.09,26.73
t1159,32.50,1.50,18.11,26.75
t1160,32.50,1.50,18.13,26.78
t1161,32.50,1.50,18.16,26.80
t1162,32.50,1.50,18.18,26.82
t1163,32.50,1.50,18.20,26.84
t1164,32.50,1.50,18.23,26.86
t1165,32.50,1.50,18.25,26.88
t1166,32.50,1.50,18.27,26.90
t1167,32.50,1.50,18.29,26.92
t1168,32.50,1.50,18.32,26.95
t1169,32.50,1.50,18.34,26.97
t1170,32.50,1.50,18.36,26.99
t1171,32.50,1.50,18.39,27.01
t1172,32.50,1.50,18.41,27.03
t1173,32.50,1.50,18.43,27.05
t1174,32.50,1.50,18.45,27.07
t1175,32.50,1.50,18.48,27.10
t1176,32.50,1.50,18.50,27.12
t1177,32.50,1.50,18.52,27.14
t1178,32.50,1.50,18.54,27.16
t1179,32.50,1.50,18.57,27.18
t1180,32.50,1.50,18.59,27.20
t1181,32.50,1.50,18.61,27.22
t1182,32.50,1.50,18.64,27.25
t1183,32.50,1.50,18.66,27.27
t1184,32.50,1.50,18.68,27.29
t1185,32.50,1.50,18.70,27.31
t1186,32.50,1.50,18.73,27.33
t1187,32.50,1.50,18.75,27.35
t1188,32.50,1.50,18.77,27.37
t1189,32.50,1.50,18.80,27.39
t1190,32.50,1.50,18.82,27.42
t1191,32.50,1.50,18.84,27.44
t1192,32.50,1.50,18.86,27.46
t1193,32.50,1.50,18.89,27.48
t1194,32.50,1.50,18.91,27.50
t1195,32.50,1.50,18.93,27.52
t1196,32.50,1.50,18.96,27.54
t1197,32.50,1.50,18.98,27.57
t1198,32.50,1.50,19.00,27.59
t1199,32.50,1.50,19.02,27.61
t1200,32.50,1.50,19.05,27.63
t1201,32.50,1.50,19.07,27.65
t1202,32.50,1.50,19.09,27.67
t1203,32.50,1.50,19.11,27.69
t1204,32.50,1.50,19.14,27.72
t1205,32.50,1.50,19.16,27.74
t1206,32.50,1.50,19.18,27.76
t1207,32.50,1.50,19.21,27.78
t1208,32.50,1.50,19.23,27.80
t1209,32.50,1.50,19.25,27.82
t1210,32.50,1.50,19.27,27.84
t1211,32.50,1.50,19.30,27.86
t1212,32.50,1.50,19.32,27.89
t1213,32.50,1.50,19.34,27.91
t1214,32.50,1.50,19.37,27.93
t1215,32.50,1.50,19.39,27.95
t1216,32.50,1.50,19.41,27.97
t1217,32.50,1.50,19.43,27.99
t1218,32.50,1.50,19.46,28.01
t1219,32.50,1.50,19.48,28.04
t1220,32.50,1.50,19.50,28.06
t1221,32.50,1.50,19.53,28.08
t1222,32.50,1.50,19.55,28.10
t1223,32.50,1.50,19.57,28.12
t1224,32.50,1.50,19.59,28.14
t1225,32.50,1.50,19.62,28.16
t1226,32.50,1.50,19.64,28.19
t1227,32.50,1.50,19.66,28.21
t1228,32.50,1.50,19.69,28.23
t1229,32.50,1.50,19.71,28.25
t1230,32.50,1.50,19.73,28.27
t1231,32.50,1.50,19.75,28.29
t1232,32.50,1.50,19.78,28.31
t1233,32.50,1.50,19.80,28.33
t1234,32.50,1.50,19.82,28.36
t1235,32.50,1.50,19.84,28.38
t1236,32.50,1.50,19.87,28.40
t1237,32.50,1.50,19.89,28.42
t1238,32.50,1.50,19.91,28.44
t1239,32.50,1.50,19.94,28.46
t1240,32.50,1.50,19.96,28.48
t1241,32.50,1.50,19.98,28.51
t1242,32.50,1.50,20.00,28.53
t1243,32.50,1.50,20.03,28.55
t1244,32.50,1.50,20.05,28.57
t1245,32.50,1.50,20.07,28.59
t1246,32.50,1.50,20.10,28.61
t1247,32.50,1.50,20.12,28.63
t1248,32.50,1.50,20.14,28.65
t1249,32.50,1.50,20.16,28.68
t1250,32.50,1.50,20.19,28.70
t1251,32.50,1.50,20.21,28.72
t1252,32.50,1.50,20.23,28.74
t1253,32.50,1.50,20.26,28.76
t1254,32.50,1.50,20.28,28.78
t1255,32.50,1.50,20.30,28.80
t1256,32.50,1.50,20.32,28.83
t1257,32.50,1.50,20.35,28.85
t1258,32.50,1.50,20.37,28.87
t1259,32.50,1.50,20.39,28.89
t1260,32.50,1.50,20.42,28.91
t1261,32.50,1.50,20.44,28.93
t1262,32.50,1.50,20.46,28.95
t1263,32.50,1.50,20.48,28.98
t1264,32.50,1.50,20.51,29.00
t1265,32.50,1.50,20.53,29.02
t1266,32.50,1.50,20.55,29.04
t1267,32.50,1.50,20.57,29.06
t1268,32.50,1.50,20.60,29.08
t1269,32.50,1.50,20.62,29.10
t1270,32.50,1.50,20.64,29.12
t1271,32.50,1.50,20.67,29.15
t1272,32.50,1.50,20.69,29.17
t1273,32.50,1.50,20.71,29.19
t1274,32.50,1.50,20.73,29.21
t1275,32.50,1.50,20.76,29.23
t1276,32.50,1.50,20.78,29.25
t1277,32.50,1.50,20.80,29.27
t1278,32.50,1.50,20.83,29.30
t1279,32.50,1.50,20.85,29.32
t1280,32.50,1.50,20.87,29.34
t1281,32.50,1.50,20.89,29.36
t1282,32.50,1.50,20.92,29.38
t1283,32.50,1.50,20.94,29.40
t1284,32.50,1.50,20.96,29.42
t1285,32.50,1.50,20.99,29.45
t1286,32.50,1.50,21.01,29.47
t1287,32.50,1.50,21.03,29.49
t1288,32.50,1.50,21.05,29.51
t1289,32.50,1.50,21.08,29.53
t1290,32.50,1.50,21.10,29.55
t1291,32.50,1.50,21.12,29.57
t1292,32.50,1.50,21.15,29.59
t1293,32.50,1.50,21.17,29.62
t1294,32.50,1.50,21.19,29.64
t1295,32.50,1.50,21.21,29.66
t1296,32.50,1.50,21.24,29.68
t1297,32.50,1.50,21.26,29.70
t1298,32.50,1.50,21.28,29.72
t1299,32.50,1.50,21.30,29.74
t1300,32.50,1.50,21.33,29.77
t1301,32.50,1.50,21.35,29.79
t1302,32.50,1.50,21.37,29.81
t1303,32.50,1.50,21.40,29.83
t1304,32.50,1.50,21.42,29.85
t1305,32.50,1.50,21.44,29.87
t1306,32.50,1.50,21.46,29.89
t1307,32.50,1.50,21.49,29.92
t1308,32.50,1.50,21.51,29.94
t1309,32.50,1.50,21.53,29.96
t1310,32.50,1.50,21.56,29.98
t1311,32.50,1.50,21.58,30.00
t1312,32.50,1.50,21.60,30.02
t1313,32.50,1.50,21.62,30.04
t1314,32.50,1.50,21.65,30.06
t1315,32.50,1.50,21.67,30.09
t1316,32.50,1.50,21.69,30.11
t1317,32.50,1.50,21.72,30.13
t1318,32.50,1.50,21.74,30.15
t1319,32.50,1.50,21.76,30.17
t1320,32.50,1.50,21.78,30.19
t1321,32.50,1.50,21.81,30.21
t1322,32.50,1.50,21.83,30.24
t1323,32.50,1.50,21.85,30.26
t1324,32.50,1.50,21.88,30.28
t1325,32.50,1.50,21.90,30.30
t1326,32.50,1.50,21.92,30.32
t1327,32.50,1.50,21.94,30.34
t1328,32.50,1.50,21.97,30.36
t1329,32.50,1.50,21.99,30.38
t1330,32.50,1.50,22.01,30.41
t1331,32.50,1.50,22.03,30.43
t1332,32.50,1.50,22.06,30.45
t1333,32.50,1.50,22.08,30.47
t1334,32.50,1.50,22.10,30.49
t1335,32.50,1.50,22.13,30.51
t1336,32.50,1.50,22.15,30.53
t1337,32.50,1.50,22.17,30.56
t1338,32.50,1.50,22.19,30.58
t1339,32.50,1.50,22.22,30.60
t1340,32.50,1.50,22.24,30.62
t1341,32.50,1.50,22.26,30.64
t1342,32.50,1.50,22.29,30.66
t1343,32.50,1.50,22.31,30.68
t1344,32.50,1.50,22.33,30.71
t1345,32.50,1.50,22.35,30.73
t1346,32.50,1.50,22.38,30.75
t1347,32.50,1.50,22.40,30.77
t1348,32.50,1.50,22.42,30.79
t1349,32.50,1.50,22.45,30.81
t1350,32.50,1.50,22.47,30.83
t1351,32.50,1.50,22.49,30.85
t1352,32.50,1.50,22.51,30.88
t1353,32.50,1.50,22.54,30.90
t1354,32.50,1.50,22.56,30.92
t1355,32.50,1.50,22.58,30.94
t1356,32.50,1.50,22.60,30.96
t1357,32.50,1.50,22.63,30.98
t1358,32.50,1.50,22.65,31.00
t1359,32.50,1.50,22.67,31.03
t1360,32.50,1.50,22.70,31.05
t1361,32.50,1.50,22.72,31.07
t1362,32.50,1.50,22.74,31.09
t1363,32.50,1.50,22.76,31.11
t1364,32.50,1.50,22.79,31.13
t1365,32.50,1.50,22.81,31.15
t1366,32.50,1.50,22.83,31.18
t1367,32.50,1.50,22.86,31.20
t1368,32.50,1.50,22.88,31.22
t1369,32.50,1.50,22.90,31.24
t1370,32.50,1.50,22.92,31.26
t1371,32.50,1.50,22.95,31.28
t1372,32.50,1.50,22.97,31.30
t1373,32.50,1.50,22.99,31.32
t1374,32.50,1.50,23.02,31.35
t1375,32.50,1.50,23.04,31.37
t1376,32.50,1.50,23.06,31.39
t1377,32.50,1.50,23.08,31.41
t1378,32.50,1.50,23.11,31.43
t1379,32.50,1.50,23.13,31.45
t1380,32.50,1.50,23.15,31.47
t1381,32.50,1.50,23.18,31.50
t1382,32.50,1.50,23.20,31.52
t1383,32.50,1.50,23.22,31.54
t1384,32.50,1.50,23.24,31.56
t1385,32.50,1.50,23.27,31.58
t1386,32.50,1.50,23.29,31.60
t1387,32.50,1.50,23.31,31.62
t1388,32.50,1.50,23.33,31.65
t1389,32.50,1.50,23.36,31.67
t1390,32.50,1.50,23.38,31.69
t1391,32.50,1.50,23.40,31.71
t1392,32.50,1.50,23.43,31.73
t1393,32.50,1.50,23.45,31.75
t1394,32.50,1.50,23.47,31.77
t1395,32.50,1.50,23.49,31.79
t1396,32.50,1.50,23.52,31.82
t1397,32.50,1.50,23.54,31.84
t1398,32.50,1.50,23.56,31.86
t1399,32.50,1.50,23.59,31.88
t1400,32.50,1.50,23.61,31.90
t1401,32.50,1.50,23.63,31.92
t1402,32.50,1.50,23.65,31.94
t1403,32.50,1.50,23.68,31.97
t1404,32.50,1.50,23.70,31.99
t1405,32.50,1.50,23.72,32.01
t1406,32.50,1.50,23.75,32.03
t1407,32.50,1.50,23.77,32.05
t1408,32.50,1.50,23.79,32.07
t1409,32.50,1.50,23.81,32.09
t1410,32.50,1.50,23.84,32.12
t1411,32.50,1.50,23.86,32.14
t1412,32.50,1.50,23.88,32.16
t1413,32.50,1.50,23.91,32.18
t1414,32.50,1.50,23.93,32.20
t1415,32.50,1.50,23.95,32.22
t1416,32.50,1.50,23.97,32.24
t1417,32.50,1.50,24.00,32.26
t1418,32.50,1.50,24.02,32.29
t1419,32.50,1.50,24.04,32.31
t1420,32.50,1.50,24.06,32.33
t1421,32.50,1.50,24.09,32.35
t1422,32.50,1.50,24.11,32.37
t1423,32.50,1.50,24.13,32.39
t1424,32.50,1.50,24.16,32.41
t1425,32.50,1.50,24.18,32.44
t1426,32.50,1.50,24.20,32.46
t1427,32.50,1.50,24.22,32.48
t1428,32.50,1.50,24.25,32.50
t1429,32.50,1.50,24.27,32.52
t1430,32.50,1.50,24.29,32.54
t1431,32.50,1.50,24.32,32.56
t1432,32.50,1.50,24.34,32.58
t1433,32.50,1.50,24.36,32.61
t1434,32.50,1.50,24.38,32.63
t1435,32.50,1.50,24.41,32.65
t1436,32.50,1.50,24.43,32.67
t1437,32.50,1.50,24.45,32.69
t1438,32.50,1.50,24.48,32.71
t1439,32.50,1.50,24.50,32.73
t1440,32.50,1.50,24.52,32.76
t1441,32.50,1.50,24.54,32.78
t1442,32.50,1.50,24.57,32.80
t1443,32.50,1.50,24.59,32.82
t1444,32.50,1.50,24.61,32.84
t1445,32.50,1.50,24.64,32.86
t1446,32.50,1.50,24.66,32.88
t1447,32.50,1.50,24.68,32.91
t1448,32.50,1.50,24.70,32.93
t1449,32.50,1.50,24.73,32.95
t1450,32.50,1.50,24.75,32.97
t1451,32.50,1.50,24.77,32.99
t1452,32.50,1.50,24.79,33.01
t1453,32.50,1.50,24.82,33.03
t1454,32.50,1.50,24.84,33.05
t1455,32.50,1.50,24.86,33.08
t1456,32.50,1.50,24.89,33.10
t1457,32.50,1.50,24.91,33.12
t1458,32.50,1.50,24.93,33.14
t1459,32.50,1.50,24.95,33.16
t1460,32.50,1.50,24.98,33.18
t1461,32.50,1.50,25.00,33.20
t1462,32.50,1.50,25.00,33.23
t1463,32.50,1.50,25.00,33.25
t1464,32.50,1.50,25.00,33.27
t1465,32.50,1.50,25.00,33.29
t1466,32.50,1.50,25.00,33.31
t1467,32.50,1.50,25.00,33.33
t1468,32.50,1.50,25.00,33.35
t1469,32.50,1.50,25.00,33.38
t1470,32.50,1.50,25.00,33.40
t1471,32.50,1.50,25.00,33.42
t1472,32.50,1.50,25.00,33.44
t1473,32.50,1.50,25.00,33.46
t1474,32.50,1.50,25.00,33.48
t1475,32.50,1.50,25.00,33.50
t1476,32.50,1.50,25.00,33.52
t1477,32.50,1.50,25.00,33.55
t1478,32.50,1.50,25.00,33.57
t1479,32.50,1.50,25.00,33.59
t1480,32.50,1.50,25.00,33.61
t1481,32.50,1.50,25.00,33.63
t1482,32.50,1.50,25.00,33.65
t1483,32.50,1.50,25.00,33.67
t1484,32.50,1.50,25.00,33.70
t1485,32.50,1.50,25.00,33.72
t1486,32.50,1.50,25.00,33.74
t1487,32.50,1.50,25.00,33.76
t1488,32.50,1.50,25.00,33.78
t1489,32.50,1.50,25.00,33.80
t1490,32.50,1.50,25.00,33.82
t1491,32.50,1.50,25.00,33.85
t1492,32.50,1.50,25.00,33.87
t1493,32.50,1.50,25.00,33.89
t1494,32.50,1.50,25.00,33.91
t1495,32.50,1.50,25.00,33.93
t1496,32.50,1.50,25.00,33.95
t1497,32.50,1.50,25.00,33.97
t1498,32.50,1.50,25.00,33.99
t1499,32.50,1.50,25.00,34.02
t1500,32.50,1.50,25.00,34.04
t1501,32.50,1.50,25.00,34.06
t1502,32.50,1.50,25.00,34.08
t1503,32.50,1.50,25.00,34.10
t1504,32.50,1.50,25.00,34.12
t1505,32.50,1.50,25.00,34.14
t1506,32.50,1.50,25.00,34.17
t1507,32.50,1.50,25.00,34.19
t1508,32.50,1.50,25.00,34.21
t1509,32.50,1.50,25.00,34.23
t1510,32.50,1.50,25.00,34.25
t1511,32.50,1.50,25.00,34.27
t1512,32.50,1.50,25.00,34.29
t1513,32.50,1.50,25.00,34.31
t1514,32.50,1.50,25.00,34.34
t1515,32.50,1.50,25.00,34.36
t1516,32.50,1.50,25.00,34.38
t1517,32.50,1.50,25.00,34.40
t1518,32.50,1.50,25.00,34.42
t1519,32.50,1.50,25.00,34.44
t1520,32.50,1.50,25.00,34.46
t1521,32.50,1.50,25.00,34.49
t1522,32.50,1.50,25.00,34.51
t1523,32.50,1.50,25.00,34.53
t1524,32.50,1.50,25.00,34.55
t1525,32.50,1.50,25.00,34.57
t1526,32.50,1.50,25.00,34.59
t1527,32.50,1.50,25.00,34.61
t1528,32.50,1.50,25.00,34.64
t1529,32.50,1.50,25.00,34.66
t1530,32.50,1.50,25.00,34.68
t1531,32.50,1.50,25.00,34.70
t1532,32.50,1.50,25.00,34.72
t1533,32.50,1.50,25.00,34.74
t1534,32.50,1.50,25.00,34.76
t1535,32.50,1.50,25.00,34.78
t1536,32.50,1.50,25.00,34.81
t1537,32.50,1.50,25.00,34.83
t1538,32.50,1.50,25.00,34.85
t1539,32.50,1.50,25.00,34.87
t1540,32.50,1.50,25.00,34.89
t1541,32.50,1.50,25.00,34.91
t1542,32.50,1.50,25.00,34.93
t1543,32.50,1.50,25.00,34.96
t1544,32.50,1.50,25.00,34.98
t1545,32.50,1.50,25.00,35.00
t1546,32.50,1.50,25.00,35.02
t1547,32.50,1.50,25.00,35.04
t1548,32.50,1.50,25.00,35.06
t1549,32.50,1.50,25.00,35.08
t1550,32.50,1.50,25.00,35.11
t1551,32.50,1.50,25.00,35.13
t1552,32.50,1.50,25.00,35.15
t1553,32.50,1.50,25.00,35.17
t1554,32.50,1.50,25.00,35.19
t1555,32.50,1.50,25.00,35.21
t1556,32.50,1.50,25.00,35.23
t1557,32.50,1.50,25.00,35.25
t1558,32.50,1.50,25.00,35.28
t1559,32.50,1.50,25.00,35.30
t1560,32.50,1.50,25.00,35.32
t1561,32.50,1.50,25.00,35.34
t1562,32.50,1.50,25.00,35.36
t1563,32.50,1.50,25.00,35.38
t1564,32.50,1.50,25.00,35.40
t1565,32.50,1.50,25.00,35.43
t1566,32.50,1.50,25.00,35.45
t1567,32.50,1.50,25.00,35.47
t1568,32.50,1.50,25.00,35.49
t1569,32.50,1.50,25.00,35.51
t1570,32.50,1.50,25.00,35.53
t1571,32.50,1.50,25.00,35.55
t1572,32.50,1.50,25.00,35.58
t1573,32.50,1.50,25.00,35.60
t1574,32.50,1.50,25.00,35.62
t1575,32.50,1.50,25.00,35.64
t1576,32.50,1.50,25.00,35.66
t1577,32.50,1.50,25.00,35.68
t1578,32.50,1.50,25.00,35.70
t1579,32.50,1.50,25.00,35.72
t1580,32.50,1.50,25.00,35.75
t1581,32.50,1.50,25.00,35.77
t1582,32.50,1.50,25.00,35.79
t1583,32.50,1.50,25.00,35.81
t1584,32.50,1.50,25.00,35.83
t1585,32.50,1.50,25.00,35.85
t1586,32.50,1.50,25.00,35.87
t1587,32.50,1.50,25.00,35.90
t1588,32.50,1.50,25.00,35.92
t1589,32.50,1.50,25.00,35.94
t1590,32.50,1.50,25.00,35.96
t1591,32.50,1.50,25.00,35.98
t1592,32.50,1.50,25.00,36.00
t1593,32.50,1.50,25.00,36.02
t1594,32.50,1.50,25.00,36.04
t1595,32.50,1.50,25.00,36.07
t1596,32.50,1.50,25.00,36.09
t1597,32.50,1.50,25.00,36.11
t1598,32.50,1.50,25.00,36.13
t1599,32.50,1.50,25.00,36.15
t1600,32.50,1.50,25.00,36.17
t1601,32.50,1.50,25.00,36.19
t1602,32.50,1.50,25.00,36.22
t1603,32.50,1.50,25.00,36.24
t1604,32.50,1.50,25.00,36.26
t1605,32.50,1.50,25.00,36.28
t1606,32.50,1.50,25.00,36.30
t1607,32.50,1.50,25.00,36.32
t1608,32.50,1.50,25.00,36.34
t1609,32.50,1.50,25.00,36.37
t1610,32.50,1.50,25.00,36.39
t1611,32.50,1.50,25.00,36.41
t1612,32.50,1.50,25.00,36.43
t1613,32.50,1.50,25.00,36.45
t1614,32.50,1.50,25.00,36.47
t1615,32.50,1.50,25.00,36.49
t1616,32.50,1.50,25.00,36.51
t1617,32.50,1.50,25.00,36.54
t1618,32.50,1.50,25.00,36.56
t1619,32.50,1.50,25.00,36.58
t1620,32.50,1.50,25.00,36.60
t1621,32.50,1.50,25.00,36.62
t1622,32.50,1.50,25.00,36.64
t1623,32.50,1.50,25.00,36.66
t1624,32.50,1.50,25.00,36.69
t1625,32.50,1.50,25.00,36.71
t1626,32.50,1.50,25.00,36.73
t1627,32.50,1.50,25.00,36.75
t1628,32.50,1.50,25.00,36.77
t1629,32.50,1.50,25.00,36.79
t1630,32.50,1.50,25.00,36.81
t1631,32.50,1.50,25.00,36.84
t1632,32.50,1.50,25.00,36.86
t1633,32.50,1.50,25.00,36.88
t1634,32.50,1.50,25.00,36.90
t1635,32.50,1.50,25.00,36.92
t1636,32.50,1.50,25.00,36.94
t1637,32.50,1.50,25.00,36.96
t1638,32.50,1.50,25.00,36.98
t1639,32.50,1.50,25.00,37.01
t1640,32.50,1.50,25.00,37.03
t1641,32.50,1.50,25.00,37.05
t1642,32.50,1.50,25.00,37.07
t1643,32.50,1.50,25.00,37.09
t1644,32.50,1.50,25.00,37.11
t1645,32.50,1.50,25.00,37.13
t1646,32.50,1.50,25.00,37.16
t1647,32.50,1.50,25.00,37.18
t1648,32.50,1.50,25.00,37.20
t1649,32.50,1.50,25.00,37.22
t1650,32.50,1.50,25.00,37.24
t1651,32.50,1.50,25.00,37.26
t1652,32.50,1.50,25.00,37.28
t1653,32.50,1.50,25.00,37.31
t1654,32.50,1.50,25.00,37.33
t1655,32.50,1.50,25.00,37.35
t1656,32.50,1.50,25.00,37.37
t1657,32.50,1.50,25.00,37.39
t1658,32.50,1.50,25.00,37.41
t1659,32.50,1.50,25.00,37.43
t1660,32.50,1.50,25.00,37.45
t1661,32.50,1.50,25.00,37.48
t1662,32.50,1.50,25.00,37.50
t1663,32.50,1.50,25.00,37.52
t1664,32.50,1.50,25.00,37.54
t1665,32.50,1.50,25.00,37.56
t1666,32.50,1.50,25.00,37.58
t1667,32.50,1.50,25.00,37.60
t1668,32.50,1.50,25.00,37.63
t1669,32.50,1.50,25.00,37.65
t1670,32.50,1.50,25.00,37.67
t1671,32.50,1.50,25.00,37.69
t1672,32.50,1.50,25.00,37.71
t1673,32.50,1.50,25.00,37.73
t1674,32.50,1.50,25.00,37.75
t1675,32.50,1.50,25.00,37.77
t1676,32.50,1.50,25.00,37.80
t1677,32.50,1.50,25.00,37.82
t1678,32.50,1.50,25.00,37.84
t1679,32.50,1.50,25.00,37.86
t1680,32.50,1.50,25.00,37.88
t1681,32.50,1.50,25.00,37.90
t1682,32.50,1.50,25.00,37.92
t1683,32.50,1.50,25.00,37.95
t1684,32.50,1.50,25.00,37.97
t1685,32.50,1.50,25.00,37.99
t1686,32.50,1.50,25.00,38.01
t1687,32.50,1.50,25.00,38.03
t1688,32.50,1.50,25.00,38.05
t1689,32.50,1.50,25.00,38.07
t1690,32.50,1.50,25.00,38.10
t1691,32.50,1.50,25.00,38.12
t1692,32.50,1.50,25.00,38.14
t1693,32.50,1.50,25.00,38.16
t1694,32.50,1.50,25.00,38.18
t1695,32.50,1.50,25.00,38.20
t1696,32.50,1.50,25.00,38.22
t1697,32.50,1.50,25.00,38.24
t1698,32.50,1.50,25.00,38.27
t1699,32.50,1.50,25.00,38.29
t1700,32.50,1.50,25.00,38.31
t1701,32.50,1.50,25.00,38.33
t1702,32.50,1.50,25.00,38.35
t1703,32.50,1.50,25.00,38.37
t1704,32.50,1.50,25.00,38.39
t1705,32.50,1.50,25.00,38.42
t1706,32.50,1.50,25.00,38.44
t1707,32.50,1.50,25.00,38.46
t1708,32.50,1.50,25.00,38.48
t1709,32.50,1.50,25.00,38.50
t1710,32.50,1.50,25.00,38.52
t1711,32.50,1.50,25.00,38.54
t1712,32.50,1.50,25.00,38.57
t1713,32.50,1.50,25.00,38.59
t1714,32.50,1.50,25.00,38.61
t1715,32.50,1.50,25.00,38.63
t1716,32.50,1.50,25.00,38.65
t1717,32.50,1.50,25.00,38.67
t1718,32.50,1.50,25.00,38.69
t1719,32.50,1.50,25.00,38.71
t1720,32.50,1.50,25.00,38.74
t1721,32.50,1.50,25.00,38.76
t1722,32.50,1.50,25.00,38.78
t1723,32.50,1.50,25.00,38.80
t1724,32.50,1.50,25.00,38.82
t1725,32.50,1.50,25.00,38.84
t1726,32.50,1.50,25.00,38.86
t1727,32.50,1.50,25.00,38.89
t1728,32.50,1.50,25.00,38.91
t1729,32.50,1.50,25.00,38.93
t1730,32.50,1.50,25.00,38.95
t1731,32.50,1.50,25.00,38.97
t1732,32.50,1.50,25.00,38.99
t1733,32.50,1.50,25.00,39.01
t1734,32.50,1.50,25.00,39.04
t1735,32.50,1.50,25.00,39.06
t1736,32.50,1.50,25.00,39.08
t1737,32.50,1.50,25.00,39.10
t1738,32.50,1.50,25.00,39.12
t1739,32.50,1.50,25.00,39.14
t1740,32.50,1.50,25.00,39.16
t1741,32.50,1.50,25.00,39.18
t1742,32.50,1.50,25.00,39.21
t1743,32.50,1.50,25.00,39.23
t1744,32.50,1.50,25.00,39.25
t1745,32.50,1.50,25.00,39.27
t1746,32.50,1.50,25.00,39.29
t1747,32.50,1.50,25.00,39.31
t1748,32.50,1.50,25.00,39.33
t1749,32.50,1.50,25.00,39.36
t1750,32.50,1.50,25.00,39.38
t1751,32.50,1.50,25.00,39.40
t1752,32.50,1.50,25.00,39.42
t1753,32.50,1.50,25.00,39.44
t1754,32.50,1.50,25.00,39.46
t1755,32.50,1.50,25.00,39.48
t1756,32.50,1.50,25.00,39.50
t1757,32.50,1.50,25.00,39.53
t1758,32.50,1.50,25.00,39.55
t1759,32.50,1.50,25.00,39.57
t1760,32.50,1.50,25.00,39.59
t1761,32.50,1.50,25.00,39.61
t1762,32.50,1.50,25.00,39.63
t1763,32.50,1.50,25.00,39.65
t1764,32.50,1.50,25.00,39.68
t1765,32.50,1.50,25.00,39.70
t1766,32.50,1.50,25.00,39.72
t1767,32.50,1.50,25.00,39.74
t1768,32.50,1.50,25.00,39.76
t1769,32.50,1.50,25.00,39.78
t1770,32.50,1.50,25.00,39.80
t1771,32.50,1.50,25.00,39.83
t1772,32.50,1.50,25.00,39.85
t1773,32.50,1.50,25.00,39.87
t1774,32.50,1.50,25.00,39.89
t1775,32.50,1.50,25.00,39.91
t1776,32.50,1.50,25.00,39.93
t1777,32.50,1.50,25.00,39.95
t1778,32.50,1.50,25.00,39.97
t1779,32.50,1.50,25.00,40.00
t1780,32.50,1.50,25.00,40.02
t1781,32.50,1.50,25.00,40.04
t1782,32.50,1.50,25.00,40.06
t1783,32.50,1.50,25.00,40.08
t1784,32.50,1.50,25.00,40.10
t1785,32.50,1.50,25.00,40.12
t1786,32.50,1.50,25.00,40.15
t1787,32.50,1.50,25.00,40.17
t1788,32.50,1.50,25.00,40.19
t1789,32.50,1.50,25.00,40.21
t1790,32.50,1.50,25.00,40.23
t1791,32.50,1.50,25.00,40.25
t1792,32.50,1.50,25.00,40.27
t1793,32.50,1.50,25.00,40.30
t1794,32.50,1.50,25.00,40.32
t1795,32.50,1.50,25.00,40.34
t1796,32.50,1.50,25.00,40.36
t1797,32.50,1.50,25.00,40.38
t1798,32.50,1.50,25.00,40.40
t1799,32.50,1.50,25.00,40.42
t1800,32.50,1.50,25.00,40.44
t1801,32.50,1.50,25.00,40.47
t1802,32.50,1.50,25.00,40.49
t1803,32.50,1.50,25.00,40.51
t1804,32.50,1.50,25.00,40.53
t1805,32.50,1.50,25.00,40.55
t1806,32.50,1.50,25.00,40.57
t1807,32.50,1.50,25.00,40.59
t1808,32.50,1.50,25.00,40.62
t1809,32.50,1.50,25.00,40.64
t1810,32.50,1.50,25.00,40.66
t1811,32.50,1.50,25.00,40.68
t1812,32.50,1.50,25.00,40.70
t1813,32.50,1.50,25.00,40.72
t1814,32.50,1.50,25.00,40.74
t1815,32.50,1.50,25.00,40.77
t1816,32.50,1.50,25.00,40.79
t1817,32.50,1.50,25.00,40.81
t1818,32.50,1.50,25.00,40.83
t1819,32.50,1.50,25.00,40.85
t1820,32.50,1.50,25.00,40.87
t1821,32.50,1.50,25.00,40.89
t1822,32.50,1.50,25.00,40.91
t1823,32.50,1.50,25.00,40.94
t1824,32.50,1.50,25.00,40.96
t1825,32.50,1.50,25.00,40.98
t1826,32.50,1.50,25.00,41.00