Token,Holder,Month 0,Month 1 ,Month 2,Month 3,Month 4,Month 5,Month 6,Month 7,Month 8,Month 9,Month 10,Month 11,Month 12,Month 13,Month 14,Month 15,Month 16,Month 17,Month 18,Month 19,Month 20,Month 21,Month 22,Month 23,Month 24,Month 25,Month 26,Month 27,Month 28,Month 29,Month 30,Month 31,Month 32,Month 33,Month 34,Month 35,Month 36
MATIC,Launchpad sale,19,19,19,19,19,19,19,19,19,19,19,19,19,19,19,19,19,19,19,19,19,19,19,19,19,19,19,19,19,19,19,19,19,19,19,19,19
MATIC,seed,1.05,1.05,1.05,1.05,1.05,1.05,2.09,2.09,2.09,2.09,2.09,2.09,2.09,2.09,2.09,2.09,2.09,2.09,2.09,2.09,2.09,2.09,2.09,2.09,2.09,2.09,2.09,2.09,2.09,2.09,2.09,2.09,2.09,2.09,2.09,2.09,2.09
MATIC,early supporters,0.86,0.86,0.86,0.86,0.86,0.86,1.71,1.71,1.71,1.71,1.71,1.71,1.71,1.71,1.71,1.71,1.71,1.71,1.71,1.71,1.71,1.71,1.71,1.71,1.71,1.71,1.71,1.71,1.71,1.71,1.71,1.71,1.71,1.71,1.71,1.71,1.71
MATIC,team ,0,0,0,0,0,0,0,0,0,0,0,0,3.2,3.2,3.2,3.2,3.2,3.2,6.4,6.4,6.4,6.4,6.4,6.4,9.6,9.6,9.6,9.6,9.6,9.6,12.8,12.8,12.8,12.8,12.8,12.8,16
MATIC,advisors,0,0,0,0,0,0,1.33,1.33,1.33,1.33,1.33,1.33,2.67,2.67,2.67,2.67,2.67,2.67,4,4,4,4,4,4,4,4,4,4,4,4,4,4,4,4,4,4,4
MATIC,foundation,2.74,2.74,2.74,2.74,2.74,2.74,5.48,5.48,5.48,5.48,5.48,5.48,8.21,8.21,8.21,8.21,8.21,8.21,10.95,10.95,10.95,10.95,10.95,10.95,13.69,13.69,13.69,13.69,13.69,13.69,16.43,16.43,16.43,16.43,16.43,16.43,19.16
MATIC,ecosystem,4.67,4.67,4.67,4.67,4.67,4.67,9.33,9.33,9.33,9.33,9.33,9.33,14,14,14,14,14,14,18.67,18.67,18.67,18.67,18.67,18.67,23.33,23.33,23.33,23.33,23.33,23.33,23.33,23.33,23.33,23.33,23.33,23.33,23.33
MATIC,staking rewards,4,4.25,4.5,4.75,5,5.25,5.5,5.75,6,6.25,6.5,6.75,7,7.25,7.5,7.75,8,8.25,8.5,8.75,9,9.25,9.5,9.75,10,10.25,10.5,10.75,11,11.25,11.5,11.75,12,12,12,12,12
,,,,,,,,,,,,,,,,,,,,,,,,,,,,,,,,,,,,,,
,,,,,,,,,,,,,,,,,,,,,,,,,,,,,,,,,,,,,,
SNX,presale,0.87,0.87,0.87,0.87,0.87,0.87,0.87,0.87,0.87,0.87,0.87,0.87,0.87,0.87,0.87,0.87,0.87,0.87,0.87,0.87,0.87,0.87,0.87,0.87,0.87,0.87,0.87,0.87,0.87,0.87,0.87,0.87,0.87,0.87,0.87,0.87,0.87
SNX,private sale,16.57,16.57,16.57,17.23,17.23,17.89,17.89,17.89,18.54,18.54,18.54,19.2,19.2,19.2,19.2,19.2,19.2,19.2,19.2,19.2,19.2,19.2,19.2,19.2,19.2,19.2,19.2,19.2,19.2,19.2,19.2,19.2,19.2,19.2,19.2,19.2,19.2
SNX,public sale,2.65,2.65,2.65,2.84,2.84,2.94,2.94,2.94,2.97,2.97,2.97,3.01,3.01,3.01,3.03,3.03,3.03,3.05,3.05,3.05,3.05,3.05,3.05,3.05,3.05,3.05,3.05,3.05,3.05,3.05,3.05,3.05,3.05,3.05,3.05,3.05,3.05
SNX,team,0,0,0,0.87,0.87,1.73,1.73,1.73,2.6,2.6,2.6,3.47,3.47,3.47,4.33,4.33,4.33,5.2,5.2,5.2,6.07,6.07,6.07,6.93,6.93,6.93,9.82,9.82,9.82,12.71,12.71,12.71,15.6,15.6,15.6,18.49,18.49
SNX,advisors,0,0,0,0.19,0.19,0.39,0.39,0.39,0.58,0.58,0.58,0.77,0.77,0.77,0.77,0.77,0.77,0.77,0.77,0.77,0.77,0.77,0.77,0.77,0.77,0.77,0.77,0.77,0.77,0.77,0.77,0.77,0.77,0.77,0.77,0.77,0.77
SNX,foundation,0.77,0.77,0.77,1.73,1.73,2.7,2.7,2.7,3.66,3.66,3.66,4.62,4.62,4.62,4.62,4.62,4.62,4.62,4.62,4.62,4.62,4.62,4.62,4.62,4.62,4.62,4.62,4.62,4.62,4.62,4.62,4.62,4.62,4.62,4.62,4.62,4.62
SNX,partnership incetinves,1.93,1.93,1.93,1.93,1.93,1.93,1.93,1.93,1.93,1.93,1.93,1.93,1.93,1.93,1.93,1.93,1.93,1.93,1.93,1.93,1.93,1.93,1.93,1.93,1.93,1.93,1.93,1.93,1.93,1.93,1.93,1.93,1.93,1.93,1.93,1.93,1.93
SNX,Bounties/airdrop,1.16,1.16,1.16,1.16,1.16,1.16,1.16,1.16,1.16,1.16,1.16,1.16,1.16,1.16,1.16,1.16,1.16,1.16,1.16,1.16,1.16,1.16,1.16,1.16,1.16,1.16,1.16,1.16,1.16,1.16,1.16,1.16,1.16,1.16,1.16,1.16,1.16
SNX,staking,0,0,0,0,0,0,0,0,0,0,0,0,0,0,0,0,0,0,0,0,0,0,0,0,0,0,5.14,7.16,9.18,11.2,13.22,15.24,17.15,18.91,20.54,22.05,23.45
,,,,,,,,,,,,,,,,,,,,,,,,,,,,,,,,,,,,,,
,,,,,,,,,,,,,,,,,,,,,,,,,,,,,,,,,,,,,,
KNC,Private sale,33.55,33.55,33.55,33.55,33.55,33.55,33.55,33.55,33.55,33.55,33.55,33.55,33.55,33.55,33.55,33.55,33.55,33.55,33.55,33.55,33.55,33.55,33.55,33.55,,,,,,,,,,,,,
KNC,public sale,26.7,26.7,26.7,26.7,26.7,26.7,26.7,26.7,26.7,26.7,26.7,26.7,26.7,26.7,26.7,26.7,26.7,26.7,26.7,26.7,26.7,26.7,26.7,26.7,,,,,,,,,,,,,
KNC,team & advisors,0,0,0,0,0,0,0,0,0,0,0,7.45,7.45,7.45,9.32,9.32,9.32,11.18,11.18,11.18,13.04,13.04,13.04,14.91,,,,,,,,,,,,,
KNC,early investors,1.14,1.14,1.14,1.14,1.14,1.14,1.14,1.14,1.14,1.14,1.14,1.14,1.14,1.14,1.14,1.14,1.14,1.14,1.14,1.14,1.14,1.14,1.14,1.14,,,,,,,,,,,,,
KNC,airdrop,0.81,0.81,0.81,0.81,0.81,0.81,0.81,0.81,0.81,0.81,0.81,0.81,0.81,0.81,0.81,0.81,0.81,0.81,0.81,0.81,0.81,0.81,0.81,0.81,,,,,,,,,,,,,
KNC,reserve,0,0,0,0,0,0,0,0,0,0,0,0.37,0.37,0.37,0.37,0.37,0.37,0.37,0.37,0.37,0.37,0.37,0.37,0.37,,,,,,,,,,,,,
,,,,,,,,,,,,,,,,,,,,,,,,,,,,,,,,,,,,,,
,,,,,,,,,,,,,,,,,,,,,,,,,,,,,,,,,,,,,,
GMT,Launchpad sale,7,7,7,7,7,7,7,7,7,7,7,7,7,7,7,7,7,7,7,7,7,7,7,7,7,7,7,7,7,7,7,7,7,7,7,7,7
GMT,private sale,0,0,0,0,0,0,0,0,0,0,0,0.63,1.27,1.9,2.54,3.17,3.8,4.44,5.07,5.71,6.25,6.79,7.34,7.88,8.42,8.97,9.51,10.05,10.6,10.96,11.32,11.68,12.04,12.14,12.77,13.13,13.49
GMT,team,0,0,0,0,0,0,0,0,0,0,0,0.3,0.59,0.89,1.18,1.48,1.78,2.07,2.37,2.66,2.96,3.25,3.55,3.85,4.14,4.44,4.73,5.03,5.33,5.62,5.92,6.21,6.51,6.8,7.1,7.4,7.69
GMT,advisors,0,0,0,0,0,0,0,0,0,0,0,0.1,0.21,0.31,0.42,0.52,0.63,0.73,0.83,0.94,1.04,1.15,1.25,1.35,1.16,1.56,1.67,1.77,1.88,1.98,2.08,2.19,2.29,2.4,2.5,2.5,2.5
GMT,ecosystem/treasury,3,3.3,3.9,4.2,4.5,4.8,5.1,5.4,5.7,6,6.3,6.6,6.9,7.2,7.5,7.8,8.1,8.4,8.7,9,9.3,9.6,9.9,10.2,10.5,10.8,11.1,11.4,11.7,12,12.3,12.6,12.9,13.2,13.5,13.8,14.1
GMT,move and earn,0,0,0,0,0,0.42,0.83,1.25,1.67,2.08,2.5,2.92,3.33,3.75,4.17,4.58,5,5.42,5.83,6.25,6.67,7.08,7.5,7.92,8.33,8.75,9.17,9.58,10,10.42,10.83,11.25,11.67,12.08,12.5,12.92,13.33
,,,,,,,,,,,,,,,,,,,,,,,,,,,,,,,,,,,,,,
,,,,,,,,,,,,,,,,,,,,,,,,,,,,,,,,,,,,,,
SXP,Private sale,13.48,13.48,13.48,13.48,13.48,13.48,13.48,13.48,13.48,13.48,13.48,13.48,13.48,13.48,13.48,13.48,13.48,13.48,13.48,13.48,13.48,13.48,13.48,13.48,13.48,13.48,13.48,13.48,13.48,13.48,13.48,13.48,13.48,13.48,13.48,13.48,13.48
SXP,public sale,0,0,0,0,0,0,6.52,6.52,6.52,6.52,6.52,6.52,6.52,6.52,6.52,6.52,6.52,6.52,6.52,6.52,6.52,6.52,6.52,6.52,6.52,6.52,6.52,6.52,6.52,6.52,6.52,6.52,6.52,6.52,6.52,6.52,6.52
SXP,team,0.2,0.4,0.6,0.8,1,1.2,1.4,1.6,1.8,2,2.2,2.4,2.6,2.8,3,3.2,3.4,3.6,3.8,4,4.2,4.4,4.6,4.8,5,5.2,5.4,5.6,5.8,6,6.2,6.4,6.6,6.8,7,7.2,7.4
SXP,reserve,0,0,0,0,0,0,0,0,0,0,0.4,0.8,1.2,1.6,2,2.4,2.8,3.2,3.6,4,4.4,4.8,5.2,5.6,6,6.4,6.8,7.2,7.6,8,8.4,8.8,9.2,9.6,10,10.4,10.8
SXP,founder,0,0,0,0,0,0,0,0,0,0,0,0,3.33,3.33,3.33,3.33,3.33,3.33,3.33,3.33,3.33,3.33,3.33,3.33,6.67,6.67,6.67,6.67,6.67,6.67,6.67,6.67,6.67,6.67,6.67,6.67,10
,,,,,,,,,,,,,,,,,,,,,,,,,,,,,,,,,,,,,,
,,,,,,,,,,,,,,,,,,,,,,,,,,,,,,,,,,,,,,
ALICE,LAUNCHPOOL,3,3,3,3,3,3,3,3,3,3,3,3,3,3,3,3,3,3,3,3,3,3,3,3,3,3,3,3,3,3,3,3,3,3,3,3,3
ALICE,PRIVATE SALE,2.1,2.1,2.1,4.2,4.2,4.2,6.3,6.3,6.3,8.4,8.4,8.4,10.5,10.5,10.5,12.6,12.6,12.6,14.7,14.7,14.7,16.8,16.8,16.8,18.9,18.9,18.9,21,21,21,21,21,21,21,21,21,21
ALICE,PUBLIC SALE,0.8,0.8,0.8,0.8,0.8,0.8,0.8,0.8,0.8,0.8,0.8,0.8,0.8,0.8,0.8,0.8,0.8,0.8,0.8,0.8,0.8,0.8,0.8,0.8,0.8,0.8,0.8,0.8,0.8,0.8,0.8,0.8,0.8,0.8,0.8,0.8,0.8
ALICE,ECOSYSTEM,4,4,4,4,4,6,6,6,6,6,8,8,8,8,8,10,10,10,10,10,12,12,12,12,12,14,14,14,14,14,16,16,16,16,16,17.2,17.2
ALICE,PLAY TO EARN ,0,0,0,0,0,0,0.33,0.67,1,1.33,1.67,2,2.33,2.67,3,3.3,3.67,4,4.33,4.67,5,5.33,5.67,6,6.33,6.67,7,7.33,7.67,8,8,8,8,8,8,8,8
ALICE,MARKETING,3,3,3,3,3,3,3,6,6,6,6,6,6,6,9,9,9,9,9,9,9,12,12,12,12,12,12,12,15,15,15,15,15,15,15,15,15
ALICE,TEAM AND ADVISORS ,4.5,4.5,4.5,4.5,6,6,6,6,7.5,7.5,7.5,7.5,9,9,9,9,10.5,10.5,10.5,10.5,12,12,12,12,13.5,13.5,13.5,13.5,15,15,15,15,15,15,15,15,15
ALICE,FOUNDATION,0,0,0,0,0,0,0,0,0,0,0,0,0,0,0,0,0,0,0,0,0,0,0,0,0.83,1.67,2.5,3.33,4.17,5,5.83,6.67,7.5,8.33,9.17,10,10.83
,,,,,,,,,,,,,,,,,,,,,,,,,,,,,,,,,,,,,,
,,,,,,,,,,,,,,,,,,,,,,,,,,,,,,,,,,,,,,
AXS,LAUNCHPAD SALE,11,11,11,11,11,11,11,11,11,11,11,11,11,11,11,11,11,11,11,11,11,11,11,11,11,11,11,11,11,11,11,11,11,11,11,11,11
AXS,PRIVATE SALE,0.8,0.8,0.8,0.8,0.8,0.8,1.6,1.6,1.6,1.6,1.6,1.6,2.4,2.4,2.4,2.4,2.4,2.4,3.2,3.2,3.2,3.2,3.2,3.2,4,4,4,4,4,4,4,4,4,4,4,4,4
AXS,PLAY TO EARN,1.75,1.75,1.75,3.5,3.5,3.5,7,7,7,7,7,7,9.5,9.5,9.5,9.5,9.5,9.5,12,12,12,12,12,12,13.75,13.75,13.75,13.75,13.75,13.75,15.5,15.5,15.5,15.5,15.5,15.5,16.75
AXS,STAKING REWARDS,0,0,0,0,0,0,0.85,1.69,2.54,3.38,4.23,5.08,5.92,6.77,7.61,8.46,9.3,10.15,10.75,11.36,11.96,12.57,13.17,13.78,14.38,14.98,15.59,16.19,16.8,17.4,17.82,18.25,18.67,19.09,19.51,19.94,20.36
AXS,TEAM ,4,4,4,4,4,4,4,4,4,4,4,4,6.13,6.13,6.13,6.13,6.13,6.13,8.25,8.25,8.25,8.25,8.25,8.25,10.38,10.38,10.38,10.38,10.38,10.38,12.5,12.5,12.5,12.5,12.5,12.5,14.63
AXS,ADVISORS,1.67,1.67,1.67,1.67,1.67,1.67,2.33,2.33,2.33,2.33,2.33,2.33,3.33,3.33,3.33,3.33,3.33,3.33,4.33,4.33,4.33,4.33,4.33,4.33,5.33,5.33,5.33,5.33,5.33,5.33,6.33,6.33,6.33,6.33,6.33,6.33,6.67
AXS,ECOSYSTEM FUND,3,3,3,3,3,3,3.63,3.63,3.63,3.63,3.63,3.63,4.25,4.25,4.25,4.25,4.25,4.25,4.88,4.88,4.88,4.88,4.88,4.88,5.5,5.5,5.5,5.5,5.5,5.5,6.13,6.13,6.13,6.13,6.13,6.13,6.75
,,,,,,,,,,,,,,,,,,,,,,,,,,,,,,,,,,,,,,
,,,,,,,,,,,,,,,,,,,,,,,,,,,,,,,,,,,,,,
ALPHA,LAUNCHPAD,10,10,10,10,10,10,10,10,10,10,10,10,10,10,10,10,10,10,10,10,10,10,10,10,10,10,10,10,10,10,10,10,10,10,10,10,10
ALPHA,LAUNCHPOOL,5,5,5,5,5,5,5,5,5,5,5,5,5,5,5,5,5,5,5,5,5,5,5,5,5,5,5,5,5,5,5,5,5,5,5,5,5
ALPHA,PRIVATE SALE,0,3.33,3.33,3.33,6.67,6.67,6.67,10,10,10,13.33,13.33,13.33,13.33,13.33,13.33,13.33,13.33,13.33,13.33,13.33,13.33,13.33,13.33,13.33,13.33,13.33,13.33,13.33,13.33,13.33,13.33,13.33,13.33,13.33,13.33,13.33
ALPHA,LIQUIDITY MINING,0.45,1.73,3.29,5.08,7.05,9.17,11.42,13.25,14.74,15.95,16.94,17.74,18.4,18.93,19.32,19.6,19.8,19.92,19.98,20,20,20,20,20,20,20,20,20,20,20,20,20,20,20,20,20,20
ALPHA,TEAM & ADVISORS ,0,0,0,0,0,0,0,0,0,0,0,0,4,4,4,5.1,5.1,5.1,6.2,6.2,6.2,7.3,7.3,7.3,8.4,8.4,8.4,9.5,9.5,9.5,10.6,10.6,10.6,11.7,11.7,11.7,12.8
ALPHA,ECOSYSTEM,4.47,4.47,4.47,5.77,5.77,5.77,8.07,8.07,8.07,9.37,9.37,9.37,10.67,10.67,10.67,11.97,11.97,11.97,13.27,13.27,13.27,14.75,14.57,14.57,15.87,15.87,15.87,17.17,17.17,17.17,18.47,18.47,18.47,19.77,19.77,19.77,21.07
,,,,,,,,,,,,,,,,.,,,,,,,,,,,,,,,,,,,,,,
,,,,,,,,,,,,,,,,,,,,,,,,,,,,,,,,,,,,,,
DODO,SEED SALE,0,0,0,0,0,0,0,0,0,0,0,0,0,0.25,0.5,0.75,1,1.25,1.5,1.75,2,2.25,2.5,2.75,3,3.25,3.5,3.75,4,4.25,4.5,4.75,5,5.25,5.5,5.75,6
DODO,PRIVATE SALE,0,0,0,0,0,0,1,1.75,2.5,3.25,4,4.75,5.5,6.25,7,7.75,8.5,9.25,10,10,10,10,10,10,10,10,10,10,10,10,10,10,10,10,10,10,10
DODO,TEAM & ADVISORS,0,0,0,0,0,0,0,0,0,0,0,0,0,0.63,1.25,1.88,2.5,3.13,3.75,4.38,5,5.63,6.25,6.88,7.5,8.13,8.75,9.38,10,10.63,11.25,11.88,12.5,13.13,13.75,14.38,15
DODO,OPERATIONS & MARKETING,2.67,5.33,8,8,8,8,8,8,8,8,8,8,8,8,8,8,8,8,8,8,8,8,8,8,8,8,8,8,8,8,8,8,8,8,8,8,8
DODO,IDO LIQUIDITY,1,1,1,1,1,1,1,1,1,1,1,1,1,1,1,1,1,1,1,1,1,1,1,1,1,1,1,1,1,1,1,1,1,1,1,1,1
DODO,COMMUNITY INCENTIVES,0,0.8,1.6,2.4,3.2,5,6,7,8,9,10,11,12,13,14,15,16,17,18,19,20,21,22,23,24,25,26,27,28,29,30,31,32,33,34,35,36
,,,,,,,,,,,,,,,,,,,,,,,,,,,,,,,,,,,,,,
,,,,,,,,,,,,,,,,,,,,,,,,,,,,,,,,,,,,,,
EGLD,LAUNCHPAD SALE,25,25,25,25,25,25,25,25,25,25,25,25,25,25,25,25,25,25,25,25,25,25,25,25,25,25,25,25,25,25,25,25,25,25,25,25,25
EGLD,PRIVATE SALE,1.43,1.43,1.43,4.35,4.35,4.35,7.28,7.28,7.28,10.21,10.21,10.21,13.14,13.14,13.14,16.07,16.07,16.07,19,19,19,19,19,19,19,19,19,19,19,19,19,19,19,19,19,19,19
EGLD,TEAM ,0,0,0,0,0,0,1.9,1.9,1.9,1.9,1.9,1.9,3.8,3.8,3.8,3.8,3.8,3.8,6.65,6.65,6.65,6.65,6.65,6.65,9.5,9.5,9.5,9.5,9.5,9.5,12.35,12.35,12.35,12.35,12.35,12.35,15.2
EGLD,RESERVE,0,0,0,0,0,0,0,0,0,0,0,5.6,5.6,5.6,5.6,5.6,5.6,9.4,9.4,9.4,9.4,9.4,9.4,13.2,13.2,13.2,13.2,13.2,13.2,17,17,17,17,17,17,17,17
EGLD,ADVISORS,0,0,0,0,0,0,0,0,0,0,0,2.5,2.5,2.5,2.5,2.5,2.5,2.5,2.5,2.5,2.5,2.5,2.5,2.5,2.5,2.5,2.5,2.5,2.5,2.5,2.5,2.5,2.5,2.5,2.5,2.5,2.5
EGLD,ECOSYSTEM REWARDS,3.5,3.5,3.5,3.5,3.5,3.5,7,7,7,7,7,7,7,7,7,7,7,7,7,7,7,7,7,7,7,7,7,7,7,7,7,7,7,7,7,7,7
EGLD,MARKETING,6.9,6.9,6.9,6.9,6.9,6.9,7.7,7.7,7.7,7.7,7.7,7.7,8.5,8.5,8.5,8.5,8.5,8.5,8.5,8.5,8.5,8.5,8.5,8.5,8.5,8.5,8.5,8.5,8.5,8.5,8.5,8.5,8.5,8.5,8.5,8.5,8.5
EGLD,COMMUNITY,0.67,0.67,0.67,0.67,0.67,0.67,1.33,1.33,1.33,1.33,1.33,1.33,2,2,2,2,2,2,2,2,2,2,2,2,2,2,2,2,2,2,2,2,2,2,2,2,2
,,,,,,,,,,,,,,,,,,,,,,,,,,,,,,,,,,,,,,
,,,,,,,,,,,,,,,,,,,,,,,,,,,,,,,,,,,,,,
HIGH,EARLY INVESTORS,0,0,0.5,0.5,0.5,0.5,0.5,0.5,0.5,0.5,0.5,0.5,0.5,0.5,1,1,1,1,1,1,1,1,1,1,1,1,1,1,1,1,1,1,1,1,1,1,1
HIGH,PRIVATE SALE,0,0,2.05,2.05,2.05,4.11,4.11,4.11,6.16,6.16,6.16,8.21,8.21,8.21,10.26,10.26,10.26,12.32,12.32,12.32,14.37,14.37,14.37,16.42,16.42,16.42,18.47,18.47,18.47,20.53,20.53,20.53,22.58,22.58,22.58,24.63,24.63
HIGH,PUBLIC SALE,1.25,1.25,1.25,1.25,2.5,2.5,2.5,2.5,2.5,2.5,2.5,2.5,2.5,2.5,2.5,2.5,2.5,2.5,2.5,2.5,2.5,2.5,2.5,2.5,2.5,2.5,2.5,2.5,2.5,2.5,2.5,2.5,2.5,2.5,2.5,2.5,2.5
HIGH,LAUNCHPOOL,0,0,1,1,1,1,1,1,1,1,1,1,1,1,1,1,1,1,1,1,1,1,1,1,1,1,1,1,1,1,1,1,1,1,1,1,1
HIGH,PLAY TO EARN ,0,0,0,0.31,0.63,0.94,1.25,1.56,1.88,2.19,2.5,2.81,3.13,3.44,3.75,4.06,4.38,4.69,5,5.31,5.63,5.94,6.25,6.56,6.88,7.19,7.5,7.81,8.13,8.44,8.75,9.06,9.38,9.69,10,10.31,10.63
HIGH,TREASURY,0,0,2,2,2,2,2,2,2,2,2.8,2.8,2.8,2.8,2.8,2.8,2.8,2.85,3.59,3.59,3.59,3.59,3.59,3.59,3.59,3.59,4.39,4.39,4.39,4.39,4.39,4.39,4.39,4.39,5.18,5.18,5.18
HIGH,ECOSYSTEM RESERVES,0,0,3.5,3.5,3.5,3.5,3.5,3.5,3.88,3.88,3.88,3.88,3.88,3.88,4.25,4.25,4.25,4.25,4.25,4.25,4.63,4.63,4.63,4.63,4.63,4.63,5,5,5,5,5,5,5.38,5.38,5.38,5.38,5.38
HIGH,MARKETING & PARTNERSHIP,0,0,2,2,2,2,2,2,2,2,2,3,3,3,3,3,3,3,3,3,3,4,4,4,4,4,4,4,4,4,4,4,4,4,4,4,4
HIGH,TEAM,0,0,0,0,0,0,0,0.67,0.67,0.67,0.67,0.67,0.67,1.33,1.33,1.33,1.33,1.33,1.33,2,2,2,2,2,2,2.67,2.67,2.67,2.67,2.67,2.67,3.33,3.33,3.33,3.33,3.33,3.33
HIGH,ADVISORS,0,0,0,0,0,0,0,0.17,0.17,0.17,0.17,0.17,0.17,0.33,0.33,0.33,0.33,0.33,0.33,0.5,0.5,0.5,0.5,0.5,0.5,0.67,0.67,0.67,0.67,0.67,0.67,0.83,0.83,0.83,0.83,0.83,0.83
,,,,,,,,,,,,,,,,,,,,,,,,,,,,,,,,,,,,,,
,,,,,,,,,,,,,,,,,,,,,,,,,,,,,,,,,,,,,,
LINA,SEED SALE,0.2,0.4,0.6,0.8,1,1.2,1.4,1.6,1.8,2,2.2,2.4,2.4,2.4,2.4,2.4,2.4,2.4,2.4,2.4,2.4,2.4,2.4,2.4,2.4,2.4,2.4,2.4,2.4,2.4,2.4,2.4,2.4,2.4,2.4,2.4,2.4
LINA,PRIVATE SALE 1 ,0.93,1.17,1.4,1.63,1.87,2.1,2.33,2.57,2.8,3.03,3.27,3.5,3.5,3.5,3.5,3.5,3.5,3.5,3.5,3.5,3.5,3.5,3.5,3.5,3.5,3.5,3.5,3.5,3.5,3.5,3.5,3.5,3.5,3.5,3.5,3.5,3.5
LINA,PRIVATE SALE 2,0.89,1.24,1.6,1.96,2.31,2.67,2.67,2.67,2.67,2.67,2.67,2.67,2.67,2.67,2.67,2.67,2.67,2.67,2.67,2.67,2.67,2.67,2.67,2.67,2.67,2.67,2.67,2.67,2.67,2.67,2.67,2.67,2.67,2.67,2.67,2.67,2.67
LINA,PRIVATE SALE 3,0.27,0.37,0.48,0.59,0.69,0.8,0.8,0.8,0.8,0.8,0.8,0.8,0.8,0.8,0.8,0.8,0.8,0.8,0.8,0.8,0.8,0.8,0.8,0.8,0.8,0.8,0.8,0.8,0.8,0.8,0.8,0.8,0.8,0.8,0.8,0.8,0.8
LINA,PUBLIC SALE,0.63,0.63,0.63,0.63,0.63,0.63,0.63,0.63,0.63,0.63,0.63,0.63,0.63,0.63,0.63,0.63,0.63,0.63,0.63,0.63,0.63,0.63,0.63,0.63,0.63,0.63,0.63,0.63,0.63,0.63,0.63,0.63,0.63,0.63,0.63,0.63,0.63
LINA,TEAM,0,0,0,0,0,1.25,1.25,1.25,2.5,2.5,2.5,3.75,3.75,3.75,5,5,5,6.25,6.25,6.25,7.5,7.5,7.5,8.75,8.75,8.75,8.75,10,10,10,10,10,10,10,10,10,10
LINA,ADVISORS,0,0,0,0,0,0.63,0.63,0.69,1.25,1.25,1.25,1.88,1.88,1.88,2.5,2.5,2.5,3.13,3.13,3.13,3.75,3.75,3.75,4.38,4.38,4.38,4.38,5,5,5,5,5,5,5,5,5,5
LINA,EXCHANGE LIQUIDITY ALLOCATION,0.24,0.37,0.51,0.64,0.78,0.92,1.05,1.19,1.33,1.46,1.6,1.73,1.87,2.01,2.14,2.28,2.41,2.55,2.69,2.82,2.96,3.09,3.23,3.37,3.37,3.5,3.64,3.78,3.91,4.05,4.18,4.32,4.46,4.59,4.73,4.86,5
LINA,ECOSYSTEM,0.36,0.53,0.69,0.85,1.02,1.18,1.34,1.51,1.67,1.83,2,2.16,2.32,2.49,2.65,2.81,2.98,3.14,3.3,3.47,3.63,3.79,3.96,4.12,4.12,4.28,4.45,4.61,4.77,4.94,5.1,5.26,5.43,5.59,5.75,5.92,6.08
LINA,COMMUNITY,0.33,0.41,0.49,0.57,0.65,0.72,0.8,0.88,0.96,1.04,1.12,1.2,1.28,1.36,1.44,1.52,1.6,1.67,1.75,1.83,1.91,1.99,2.07,2.15,2.15,2.23,2.31,2.39,2.47,2.55,2.62,2.7,2.78,2.86,2.94,3.02,3.1
,,,,,,,,,,,,,,,,,,,,,,,,,,,,,,,,,,,,,,
,,,,,,,,,,,,,,,,,,,,,,,,,,,,,,,,,,,,,,
DAR,LAUNCHPOOL,,3,3,3,3,3,3,3,3,3,3,3,3,3,3,3,3,3,3,3,3,3,3,3,3,3,3,3,3,3,3,3,3,3,3,3,3
DAR,PANCAKESWAP IFO,,1.5,1.5,1.5,1.5,1.5,1.5,1.5,1.5,1.5,1.5,1.5,1.5,1.5,1.5,1.5,1.5,1.5,1.5,1.5,1.5,1.5,1.5,1.5,1.5,1.5,1.5,1.5,1.5,1.5,1.5,1.5,1.5,1.5,1.5,1.5,1.5
DAR,PRIVATE SALE,,0.9,0.9,0.9,1.8,1.8,1.8,2.7,2.7,2.7,3.6,3.6,3.6,4.5,4.5,4.5,5.4,5.4,5.4,6.3,6.3,6.3,7.2,7.2,7.2,8.1,8.1,8.1,9,9,9,9.9,9.9,9.9,10.8,10.8,10.8
DAR,PLAY TO EARN ,,0,0,0,0.83,1.67,2.5,3.33,4.17,5,5.83,6.67,7.5,8.33,9.17,10,10.83,11.67,12.5,13.33,14.17,15,15.83,16.67,17.5,18.33,19.17,20,20,20,20,20,20,20,20,20,20
DAR,LIQUIDITY,,5,5.04,5.08,5.12,5.17,5.21,5.25,5.29,5.33,5.37,5.42,5.46,5.5,5.5,5.5,5.5,5.5,5.5,5.5,5.5,5.5,5.5,5.5,5.5,5.5,5.5,5.5,5.5,5.5,5.5,5.5,5.5,5.5,5.5,5.5,5.5
DAR,MARKETING,,1.5,1.75,2,2.25,2.5,2.75,3,3.25,3.5,3.75,4,4.25,4.5,4.75,5,5.25,5.5,5.75,6,6,6,6,6,6,6,6,6,6,6,6,6,6,6,6,6,6
DAR,TEAM,,0,0,0,0,0,0,0.65,0.65,0.65,1.3,1.3,1.3,1.96,1.96,1.96,2.61,2.61,2.61,3.26,3.26,3.26,3.91,3.91,3.91,4.57,4.57,4.57,5.22,5.22,5.22,5.87,5.87,5.87,6.52,6.52,6.52
DAR,ADVISORS,,3,3,3,3,3,3,3,3.7,3.7,3.7,3.7,4.4,4.4,4.4,4.4,5.1,5.1,5.1,5.1,5.8,5.8,5.8,5.8,6.5,6.5,6.5,6.5,7,7,7,7,7,7,7,7,7
DAR,FOUNDATION,,0,0,0,0,0,0,0,0,0,0,0,0,0,0,0,0,0,0,0,0.61,1.21,1.82,2.42,3.03,3.64,4.24,4.85,5.45,6.06,6.67,7.27,7.88,8.48,9.09,9.7,10.3
DAR,ECOSYSTEM,,2.5,2.69,2.88,3.06,3.25,3.44,3.63,3.81,4,4.19,4.38,4.56,4.75,4.94,5.13,5.31,5.5,5.69,5.88,6.06,6.25,6.44,6.63,6.81,7,7,7,7,7,7,7,7,7,7,7,7
,,,,,,,,,,,,,,,,,,,,,,,,,,,,,,,,,,,,,,
,,,,,,,,,,,,,,,,,,,,,,,,,,,,,,,,,,,,,,
REEF,LAUNCHPOOL,3,3,3,3,3,3,3,3,3,3,3,3,3,3,3,3,3,3,3,3,3,3,3,3,3,3,3,3,3,3,3,3,3,3,3,3,3
REEF,SEED SALE,1.43,1.43,1.43,2.86,2.86,2.86,4.29,4.29,4.29,5.71,5.71,5.71,7.14,7.14,7.14,7.14,7.14,7.14,7.14,7.14,7.14,7.14,7.14,7.14,7.14,7.14,7.14,7.14,7.14,7.14,7.14,7.14,7.14,7.14,7.14,7.14,7.14
REEF,STRATEGIC SALE,2.08,2.08,2.08,3.65,3.65,3.65,5.21,5.21,5.21,6.77,6.77,6.77,8.33,8.33,8.33,8.33,8.33,8.33,8.33,8.33,8.33,8.33,8.33,8.33,8.33,8.33,8.33,8.33,8.33,8.33,8.33,8.33,8.33,8.33,8.33,8.33,8.33
REEF,PRIVATE SALE,1.68,1.68,1.68,2.66,2.66,2.66,3.64,3.64,3.64,4.62,4.62,4.62,5.6,5.6,5.6,5.6,5.6,5.6,5.6,5.6,5.6,5.6,5.6,5.6,5.6,5.6,5.6,5.6,5.6,5.6,5.6,5.6,5.6,5.6,5.6,5.6,5.6
REEF,TEAM,1.85,1.88,1.9,1.93,1.97,2,2.04,2.08,2.12,2.16,2.21,2.25,2.31,2.36,2.42,2.48,2.55,2.62,2.69,2.77,2.86,2.95,3.05,3.15,3.26,3.37,3.49,3.62,3.76,3.91,4.06,4.23,4.41,4.59,4.79,5.01,5.23
REEF,ECOSYSTEM,4.68,4.91,5.13,5.35,5.57,5.78,5.98,6.18,6.38,6.57,6.76,6.95,7.13,7.31,7.48,7.65,7.82,7.98,8.14,8.3,8.45,8.6,8.75,8.89,9.03,9.17,9.3,9.44,9.56,9.69,9.81,9.94,10.05,10.17,10.28,10.4,10.5
REEF,PROTOCOL EMISSIONS & REWARDS,0.9,1.3,1.71,2.12,2.53,2.94,3.36,3.78,4.21,4.64,5.07,5.5,5.94,6.38,6.82,7.27,7.72,8.17,8.63,9.09,9.55,10.02,10.49,10.96,11.44,11.92,12.41,12.89,13.39,13.88,14.38,14.88,15.39,15.9,16.41,16.93,17.45
REEF,FOUNDATION,4.21,4.21,4.94,4.94,5.67,5.67,6.37,6.37,7.07,7.07,7.74,7.74,8.41,8.41,9.06,9.06,9.7,9.7,10.32,10.32,10.94,10.94,11.54,11.54,12.13,12.13,12.71,12.71,13.28,13.28,13.83,13.83,14.38,14.38,14.91,14.91,15.43
,,,,,,,,,,,,,,,,,,,,,,,,,,,,,,,,,,,,,,
,,,,,,,,,,,,,,,,,,,,,,,,,,,,,,,,,,,,,,
REN,PUBLIC SALE,8.6,8.6,8.6,8.6,8.6,8.6,8.6,8.6,8.6,8.6,8.6,8.6,8.6,8.6,8.6,8.6,8.6,8.6,8.6,8.6,8.6,8.6,8.6,8.6,8.6,,,,,,,,,,,,
REN,PRIVATE SALE,56.6,56.6,56.6,56.6,56.6,56.6,56.6,56.6,56.6,56.6,56.6,56.6,56.6,56.6,56.6,56.6,56.6,56.6,56.6,56.6,56.6,56.6,56.6,56.6,56.6,,,,,,,,,,,,
REN,TEAM & ADVISORS,5,5,5,5,5,5,5,5,5,5,5,5,5,5,5,5,5,5,5,5,5,5,5,5,5,,,,,,,,,,,,
REN,RESERVE,0,0,0,0,0,0,0,0,0,0,0,0,2.48,2.48,2.48,2.48,4.95,4.95,4.95,4.95,7.43,7.43,7.43,7.43,7.43,,,,,,,,,,,,
REN,COMMUNITY AND PARTNERS,10.84,10.84,10.84,10.84,10.84,10.84,10.84,10.84,10.84,10.84,10.84,10.84,10.84,10.84,10.84,10.84,10.84,10.84,10.84,10.84,10.84,10.84,10.84,10.84,10.84,,,,,,,,,,,,
,,,,,,,,,,,,,,,,,,,,,,,,,,,,,,,,,,,,,,
,,,,,,,,,,,,,,,,,,,,,,,,,,,,,,,,,,,,,,
FLM,LAUNCHPOOL,0.14,4.17,4.17,4.17,,,,,,,,,,,,,,,,,,,,,,,,,,,,,,,,,
FLM,MINT RUSH,19.86,29.17,29.17,29.17,,,,,,,,,,,,,,,,,,,,,,,,,,,,,,,,,
FLM,LP TOKEN STAKING,0,0.48,40,53.33,,,,,,,,,,,,,,,,,,,,,,,,,,,,,,,,,
FLM,FUSD MINTING,0,0,10,10,,,,,,,,,,,,,,,,,,,,,,,,,,,,,,,,,
FLM,PERP MARGIN REWARDS,0,0,0,3.33,,,,,,,,,,,,,,,,,,,,,,,,,,,,,,,,,
,,,,,,,,,,,,,,,,,,,,,,,,,,,,,,,,,,,,,,
,,,,,,,,,,,,,,,,,,,,,,,,,,,,,,,,,,,,,,
,,,,,,,,,,,,,,,,,,,,,,,,,,,,,,,,,,,,,,
SAND,LAUNCHPAD SALE,12,12,12,12,12,12,12,12,12,12,12,12,12,12,12,12,12,12,12,12,12,12,12,12,12,12,12,12,12,12,12,12,12,12,12,12,12
SAND,SEED SALE,0,0,0,0,0,0,0,0,0,0,0,0,3.44,3.44,3.44,3.44,3.44,3.44,6.87,6.87,6.87,6.87,6.87,6.87,10.31,10.31,10.31,10.31,10.31,10.31,13.74,13.74,13.74,13.74,13.74,13.74,17.18
SAND,STRATEGIC SALE,0,0,0,0,0,0,0,0,0,0,0,0,0.8,0.8,0.8,0.8,0.8,0.8,1.6,1.6,1.6,1.6,1.6,1.6,2.4,2.4,2.4,2.4,2.4,2.4,3.2,3.2,3.2,3.2,3.2,3.2,4
SAND,FOUNDATION,5.83,5.83,5.83,5.83,5.83,5.83,5.83,5.83,5.83,5.83,5.83,5.83,8,8,8,8,8,8,9.33,9.33,9.33,9.33,9.33,9.33,10.67,10.67,10.67,10.67,10.67,10.67,12,12,12,12,12,12,12
SAND,TEAM,0,0,0,0,0,0,0,0,0,0,0,0,2.38,2.38,2.38,2.38,2.38,2.38,4.75,4.75,4.75,4.75,4.75,4.75,7.13,7.13,7.13,7.13,7.13,7.13,9.5,9.5,9.5,9.5,9.5,9.5,11.88
SAND,ADVISORS,0.2,0.2,0.2,0.2,0.2,0.2,0.4,0.4,0.4,0.4,0.4,0.4,2.08,2.08,2.08,2.08,2.08,2.08,3.75,3.75,3.75,3.75,3.75,3.75,5.43,5.43,5.43,5.43,5.43,5.43,6.3,6.3,6.3,6.3,6.3,6.3,7.18
SAND,RESERVE,5.47,5.47,5.47,5.47,5.47,5.47,6.27,6.27,6.27,6.27,6.27,6.27,8.77,8.77,8.77,8.77,8.77,8.77,11.88,11.88,11.88,11.88,11.88,11.88,14.99,14.99,14.99,14.99,14.99,14.99,17.9,17.9,17.9,17.9,17.9,17.9,20.81
,,,,,,,,,,,,,,,,,,,,,,,,,,,,,,,,,,,,,,
,,,,,,,,,,,,,,,,,,,,,,,,,,,,,,,,,,,,,,
TLM,SEED SALE,0,0,0.73,1.1,1.47,1.84,2.22,2.59,2.96,3.33,3.71,4.08,4.45,4.83,5.2,5.57,5.94,6.32,6.69,7.06,7.06,7.06,7.06,7.06,7.06,7.06,7.06,7.06,7.06,7.06,7.06,7.06,7.06,7.06,7.06,7.06,7.06
TLM,PRESALE,0,0,0.08,0.16,0.24,0.32,0.47,0.61,0.75,0.89,1.04,1.18,1.32,1.47,1.61,1.75,1.9,2.04,2.18,2.32,2.47,2.61,2.75,2.9,3.04,3.18,3.25,3.31,3.37,3.43,3.43,3.43,3.43,3.43,3.43,3.43,3.43
TLM,LAUNCHPOOL,0,0,1.5,1.5,1.5,1.5,1.5,1.5,1.5,1.5,1.5,1.5,1.5,1.5,1.5,1.5,1.5,1.5,1.5,1.5,1.5,1.5,1.5,1.5,1.5,1.5,1.5,1.5,1.5,1.5,1.5,1.5,1.5,1.5,1.5,1.5,1.5
TLM,EXTERNAL PROTOCOL DEVELOPMENT,0.1,0.1,0.24,0.24,0.24,0.45,0.45,0.45,0.67,0.67,0.67,0.88,0.88,0.88,1.09,1.09,1.09,1.3,1.3,1.3,1.52,1.52,1.52,1.73,1.73,1.8,1.8,1.8,1.8,1.8,1.8,1.8,1.8,1.8,1.8,1.8,1.8
TLM,MARKETING,0.1,0.1,1.95,2.07,2.19,2.32,2.44,2.56,2.68,2.8,2.92,3.04,3.16,3.29,3.41,3.53,3.65,3.77,3.89,4.01,4.14,4.26,4.38,4.5,4.62,4.74,4.74,4.74,4.74,4.74,4.74,4.74,4.74,4.74,4.74,4.74,4.74
TLM,ALIEN WORDLS FOUNDATION,0,0,2.09,2.09,2.09,2.68,2.68,2.68,3.26,3.26,3.26,3.84,3.84,3.84,4.42,4.42,4.42,5,5,5,5.59,5.59,5.59,6.17,6.17,6.75,6.75,6.75,6.75,6.75,6.75,6.75,6.75,6.75,6.75,6.75,6.75
TLM,ADVISORS,0,0,0.11,0.22,0.33,0.44,0.56,0.67,0.78,0.89,1,1.11,1.22,1.33,1.44,1.56,1.67,1.78,1.89,2,2,2,2,2,2,2,2,2,2,2,2,2,2,2,2,2,2
TLM,TEAM,0,0,0,0,0,0,0,0,1.25,1.25,1.25,2.5,2.5,2.5,3.75,3.75,3.75,5,5,5,6.25,6.25,6.25,7.5,7.5,7.5,7.5,7.5,7.5,7.5,7.5,7.5,7.5,7.5,7.5,7.5,7.5
TLM,GOVERNANCE,0,0,0.3,0.3,0.3,0.6,0.6,0.6,0.9,0.9,0.9,1.2,1.2,1.2,1.5,1.5,1.5,1.8,1.8,2,2,2,2,2,2,2,2,2,2,2,2,2,2,2,2,2,2
TLM,LIQUIDITY PROVISION,0,0,3,3,3,3,3,3,3,3,3,3,3,3,3,3,3,3,3,3,3,3,3,3,3,3,3,3,3,3,3,3,3,3,3,3,3
TLM,STAKING REWARDS,0,0,0.15,0.29,0.44,0.58,0.73,0.88,1.02,1.17,1.31,1.46,1.6,1.75,1.75,1.75,1.75,1.75,1.75,1.75,1.75,1.75,1.75,1.75,1.75,1.75,1.75,1.75,1.75,1.75,1.75,1.75,1.75,1.75,1.75,1.75,1.75
TLM,SECURITY AUDIOTS,0,0,0.4,0.4,0.4,0.4,0.4,0.4,0.4,0.4,0.4,0.4,0.4,0.4,0.4,0.4,0.4,0.4,0.4,0.4,0.4,0.4,0.4,0.4,0.4,0.4,0.4,0.4,0.4,0.4,0.4,0.4,0.4,0.4,0.4,0.4,0.4
TLM,ECOSYSTEM GRANTS,0,0,0.43,0.43,0.43,0.86,0.86,0.86,1.29,1.29,1.29,1.72,1.72,1.72,2.15,2.15,2.15,2.58,2.58,2.58,3.01,3.01,3.01,3.44,3.44,3.44,3.87,3.87,3.87,4.3,4.3,4.3,4.73,4.73,4.73,5.16,5.16
TLM,PARTICIPATION REWARDS,0.42,0.82,1.21,1.59,1.97,2.35,2.72,3.09,3.45,3.82,4.18,4.53,4.89,5.24,5.59,5.93,6.28,6.62,6.96,7.29,7.62,7.95,8.28,8.61,8.87,9.12,9.38,9.63,9.89,10.14,10.4,10.66,10.91,11.17,11.42,11.68,11.86
,,,,,,,,,,,,,,,,,,,,,,,,,,,,,,,,,,,,,,
,,,,,,,,,,,,,,,,,,,,,,,,,,,,,,,,,,,,,,
ALCX,ALCHEMIX DAO,"3,192","91,714","187,286","277,363","367,921","453,132","538,694","621,675","699,569","777,554","850,582","923,553","993,961","1,055,368","1,120,929","1,181,960","1,242,488","1,298,653","1,354,185","1,407,155","1,456,003","1,503,958","1,547,941","1,590,900","1,631,278","1,665,571","1,701,120","1,733,087","1,763,603","1,790,723","1,816,225","1,839,183","1,858,986","1,876,911","1,891,848","1,904,777","1,915,221"
ALCX,STAKING,"32,000","32,000","32,000","32,000","32,000","32,000","32,000","32,000","32,000","32,000","32,000","32,000","32,000","32,000","32,000","32,000","32,000","32,000","32,000","32,000","32,000","32,000","32,000","32,000","32,000","32,000","32,000","32,000","32,000","32,000","32,000","32,000","32,000","32,000","32,000","32,000","32,000"
ALCX,LIQ POOLS,"446,612","446,612","446,612","446,612","446,612","446,612","446,612","446,612","446,612","446,612","446,612","446,612","446,612","446,612","446,612","446,612","446,612","446,612","446,612","446,612","446,612","446,612","446,612","446,612","446,612","446,612","446,612","446,612","446,612","446,612","446,612","446,612","446,612","446,612","446,612","446,612","446,612"
,,"481,804","570,326","656,757",,,,,,,,,,,,,,,,,,,,,,,,,,,,,,,,,,
,,,,,,,,,,,,,,,,,,,,,,,,,,,,,,,,,,,,,,
,,,,,,,,,,,,,,,,,,,,,,,,,,,,,,,,,,,,,,
1INCH,TEAM,0,0,0,0,0,0,0,0,0,0,0,0,"48,214,285","48,214,285","48,214,285","48,214,285","48,214,285","48,214,285","96,428,571","96,428,571","96,428,571","96,428,571","96,428,571","96,428,571","144,642,857","144,642,857","144,642,857","144,642,857","144,642,857","144,642,857","192,857,143","192,857,143","192,857,143","192,857,143","192,857,143","192,857,143","241,071,429"
1INCH,ADVISORS,0,0,0,0,0,0,0,0,0,0,0,0,"4,928,571","4,928,571","4,928,571","4,928,571","4,928,571","4,928,571","9,857,142","9,857,142","9,857,142","9,857,142","9,857,142","9,857,142","14,785,714","14,785,714","14,785,714","14,785,714","14,785,714","14,785,714","19,714,286","19,714,286","19,714,286","19,714,286","19,714,286","19,714,286","24,642,857"
1INCH,SEED,0,0,0,0,0,0,0,0,0,0,0,0,"70,625,000","70,625,000","70,625,000","70,625,000","70,625,000","70,625,000","141,250,000","141,250,000","141,250,000","141,250,000","141,250,000","141,250,000","211,875,000","211,875,000","211,875,000","211,875,000","211,875,000","211,875,000","282,500,000","282,500,000","282,500,000","282,500,000","282,500,000","282,500,000","282,500,000"
1INCH,COMMUNITY INCENTIVE,"150,000,000","150,000,000","150,000,000","150,000,000","150,000,000","150,000,000","187,500,000","187,500,000","187,500,000","187,500,000","187,500,000","187,500,000","225,000,000","225,000,000","225,000,000","225,000,000","225,000,000","225,000,000","262,500,000","262,500,000","262,500,000","262,500,000","262,500,000","262,500,000","300,000,000","300,000,000","300,000,000","300,000,000","300,000,000","300,000,000","337,500,000","337,500,000","337,500,000","337,500,000","337,500,000","337,500,000","375,000,000"
1INCH,NETWORK GROTH FUND,"71,833,333","71,833,333","71,833,333","71,833,333","71,833,333","71,833,333","89,791,666","89,791,666","89,791,666","89,791,666","89,791,666","89,791,666","107,750,000","107,750,000","107,750,000","107,750,000","107,750,000","107,750,000","125,708,333","125,708,333","125,708,333","125,708,333","125,708,333","125,708,333","143,666,667","143,666,667","143,666,667","143,666,667","143,666,667","143,666,667","161,625,000","161,625,000","161,625,000","161,625,000","161,625,000","161,625,000","179,583,333"
1INCH,SERIES A,0,0,0,0,0,0,0,0,0,0,0,0,"45,000,000","45,000,000","45,000,000","45,000,000","45,000,000","45,000,000","90,000,000","90,000,000","90,000,000","90,000,000","90,000,000","90,000,000","135,000,000","135,000,000","135,000,000","135,000,000","135,000,000","135,000,000","180,000,000","180,000,000","180,000,000","180,000,000","180,000,000","180,000,000","180,000,000"
,,,,,,,,,,,,,,,,,,,,,,,,,,,,,,,,,,,,,,
,,,,,,,,,,,,,,,,,,,,,,,,,,,,,,,,,,,,,,
,,,,,,,,,,,,,,,,,,,,,,,,,,,,,,,,,,,,,,
ICX,INFLATION,0,0,0,0,0,0,0,0,0,0,0,0,0,0,0,0,0,0,0,0,0,0,0,0,"2,152,369","5,872,803","9,368,820","13,122,705","16,772,064","20,560,266","24,242,986","28,065,819","31,906,372","28,065,819","31,906,372","35,639,986","39,515,648"
ICX,FUNDRAISER,"4,002,300,000","4,002,300,000","4,002,300,000","4,002,300,000","4,002,300,000","4,002,300,000","4,002,300,000","4,002,300,000","4,002,300,000","4,002,300,000","4,002,300,000","4,002,300,000","4,002,300,000","4,002,300,000","4,002,300,000","4,002,300,000","4,002,300,000","4,002,300,000","4,002,300,000","4,002,300,000","4,002,300,000","4,002,300,000","4,002,300,000","4,002,300,000","4,002,300,000","4,002,300,000","4,002,300,000","4,002,300,000","4,002,300,000","4,002,300,000","4,002,300,000","4,002,300,000","4,002,300,000","4,002,300,000","4,002,300,000","4,002,300,000","4,002,300,000"
ICX,RESERRVE,0,0,0,0,0,0,0,0,0,0,0,0,0,0,0,0,0,0,0,0,0,0,0,0,"128,073,600","128,073,600","128,073,600","128,073,600","128,073,600","128,073,600","128,073,600","128,073,600","128,073,600","128,073,600","128,073,600","128,073,600","128,073,600"
ICX,COMMUNITY,0,0,"80,046,000","80,046,000","80,046,000","80,046,000","80,046,000","80,046,000","80,046,000","80,046,000","80,046,000","80,046,000","80,046,000","80,046,000","80,046,000","80,046,000","80,046,000","80,046,000","80,046,000","80,046,000","80,046,000","80,046,000","80,046,000","80,046,000","80,046,000","80,046,000","80,046,000","80,046,000","80,046,000","80,046,000","80,046,000","80,046,000","80,046,000","80,046,000","80,046,000","80,046,000","80,046,000"
ICX,TEAM & CONTRIBUTORS,0,0,0,0,0,0,0,"20,011,500","20,011,500","20,011,500","20,011,500","20,011,500","20,011,500","40,023,000","40,023,000","40,023,000","40,023,000","40,023,000","40,023,000","60,034,500","60,034,500","60,034,500","60,034,500","60,034,500","60,034,500","80,046,000","80,046,000","80,046,000","80,046,000","80,046,000","80,046,000","80,046,000","80,046,000","80,046,000","80,046,000","80,046,000","80,046,000"
ICX,FOUNDATION,0,0,"112,064,400","112,064,400","112,064,400","112,064,400","112,064,400","112,064,400","112,064,400","112,064,400","112,064,400","112,064,400","112,064,400","112,064,400","112,064,400","112,064,400","112,064,400","112,064,400","112,064,400","112,064,400","112,064,400","112,064,400","112,064,400","112,064,400","112,064,400","112,064,400","112,064,400","112,064,400","112,064,400","112,064,400","112,064,400","112,064,400","112,064,400","112,064,400","112,064,400","112,064,400","112,064,400"
,,,,,,,,,,,,,,,,,,,,,,,,,,,,,,,,,,,,,,
,,,,,,,,,,,,,,,,,,,,,,,,,,,,,,,,,,,,,,
,,,,,,,,,,,,,,,,,,,,,,,,,,,,,,,,,,,,,,
ILV,TREASURY,0,0,0,0,0,0,0,0,0,0,0,0,"125,000","250,000","375,000","500,000","625,000","750,000","875,000","1,000,000","1,125,000","1,250,000","1,375,000","1,500,000","1,500,000","1,500,000","1,500,000","1,500,000","1,500,000","1,500,000","1,500,000","1,500,000","1,500,000","1,500,000","1,500,000","1,500,000","1,500,000"
ILV,TEAM,0,0,0,0,0,0,0,0,0,0,0,0,"125,000","250,000","375,000","500,000","625,000","750,000","875,000","1,000,000","1,125,000","1,250,000","1,375,000","1,500,000","1,500,000","1,500,000","1,500,000","1,500,000","1,500,000","1,500,000","1,500,000","1,500,000","1,500,000","1,500,000","1,500,000","1,500,000","1,500,000"
ILV,SEED SALE,0,0,0,0,0,0,0,0,0,0,0,0,"125,000","250,000","375,000","500,000","625,000","750,000","875,000","1,000,000","1,125,000","1,250,000","1,375,000","1,500,000","1,500,000","1,500,000","1,500,000","1,500,000","1,500,000","1,500,000","1,500,000","1,500,000","1,500,000","1,500,000","1,500,000","1,500,000","1,500,000"
ILV,PRESSED,0,0,0,0,0,0,0,0,0,0,0,0,"41,667","83,333","125,000","166,667","208,333","250,000","291,667","333,333","375,000","416,667","458,333","500,000","500,000","500,000","500,000","500,000","500,000","500,000","500,000","500,000","500,000","500,000","500,000","500,000","500,000"
ILV,PUBLIC SALE,"1,000,000","1,000,000","1,000,000","1,000,000","1,000,000","1,000,000","1,000,000","1,000,000","1,000,000","1,000,000","1,000,000","1,000,000","1,000,000","1,000,000","1,000,000","1,000,000","1,000,000","1,000,000","1,000,000","1,000,000","1,000,000","1,000,000","1,000,000","1,000,000","1,000,000","1,000,000","1,000,000","1,000,000","1,000,000","1,000,000","1,000,000","1,000,000","1,000,000","1,000,000","1,000,000","1,000,000","1,000,000"
,,,,,,,,,,,,,,,,,,,,,,,,,,,,,,,,,,,,,,
,,,,,,,,,,,,,,,,,,,,,,,,,,,,,,,,,,,,,,
,,,,,,,,,,,,,,,,,,,,,,,,,,,,,,,,,,,,,,
LINK,TOKEN SALE,"350,000,000","350,000,000","350,000,000","350,000,000","350,000,000","350,000,000","350,000,000","350,000,000","350,000,000","350,000,000","350,000,000","350,000,000","350,000,000","350,000,000","350,000,000","350,000,000","350,000,000","350,000,000","350,000,000","350,000,000","350,000,000","350,000,000","350,000,000","350,000,000","350,000,000","350,000,000","350,000,000","350,000,000","350,000,000","350,000,000","350,000,000","350,000,000","350,000,000","350,000,000","350,000,000","350,000,000","350,000,000"
LINK,INCENTIVES ECOSYSTEM,0,0,0,0,0,0,0,0,0,0,0,0,0,0,0,0,0,0,0,0,0,0,0,0,0,0,0,0,"350,000,000","350,000,000","350,000,000","350,000,000","350,000,000","350,000,000","350,000,000","350,000,000","350,000,000"
LINK,TEAM,"300,000,000","300,000,000","300,000,000","300,000,000","300,000,000","300,000,000","300,000,000","300,000,000","300,000,000","300,000,000","300,000,000","300,000,000","300,000,000","300,000,000","300,000,000","300,000,000","300,000,000","300,000,000","300,000,000","300,000,000","300,000,000","300,000,000","300,000,000","300,000,000","300,000,000","300,000,000","300,000,000","300,000,000","300,000,000","300,000,000","300,000,000","300,000,000","300,000,000","300,000,000","300,000,000","300,000,000","300,000,000"
,,,,,,,,,,,,,,,,,,,,,,,,,,,,,,,,,,,,,,
LOOKS,AIRDROP,"120,000,000","120,000,000","120,000,000","120,000,000","120,000,000","120,000,000","120,000,000","120,000,000","120,000,000","120,000,000","120,000,000","120,000,000","120,000,000","120,000,000","120,000,000","120,000,000","120,000,000","120,000,000","120,000,000","120,000,000","120,000,000","120,000,000","120,000,000","120,000,000","120,000,000",,,,,,,,,,,,
LOOKS,LIQUIDITY,"16,916,997","16,916,997","16,916,997","16,916,997","16,916,997","16,916,997","16,916,997","16,916,997","16,916,997","16,916,997","16,916,997","16,916,997","16,916,997","16,916,997","16,916,997","16,916,997","16,916,997","16,916,997","16,916,997","16,916,997","16,916,997","16,916,997","16,916,997","16,916,997","16,916,997",,,,,,,,,,,,
LOOKS,VOLUME,"2,866,500","88,861,500","129,709,125","170,556,750","211,404,375","227,528,438","243,652,500","259,776,563","275,900,625","292,024,688","308,148,750","324,272,813","340,396,875","348,996,375","357,595,875","366,195,375","374,794,875","383,394,375","391,993,875","400,593,375","409,192,875","417,792,375","426,391,875","434,991,375","441,000,000",,,,,,,,,,,,
LOOKS,STAKING,"1,228,500","38,083,500","55,589,625","73,095,750","90,601,875","97,512,188","104,422,500","111,332,813","118,243,125","125,153,438","132,063,750","138,974,063","145,884,375","149,569,875","153,255,375","156,940,875","160,626,375","164,311,875","167,997,375","171,682,875","175,368,375","179,053,875","182,739,375","186,424,875","189,000,000",,,,,,,,,,,,
LOOKS,STRATEGIC,0,0,0,0,0,0,"11,027,668","11,027,668","11,027,668","11,027,668","11,027,668","11,027,668","22,055,335","22,055,335","22,055,335","22,055,335","22,055,335","22,055,335","33,083,003","33,083,003","33,083,003","33,083,003","33,083,003","33,083,003","33,083,003",,,,,,,,,,,,
LOOKS,TEAM,0,0,0,0,0,0,"33,333,333","33,333,333","33,333,333","33,333,333","33,333,333","33,333,333","66,666,667","66,666,667","66,666,667","66,666,667","66,666,667","66,666,667","100,000,000","100,000,000","100,000,000","100,000,000","100,000,000","100,000,000","100,000,000",,,,,,,,,,,,
LOOKS,TREASURY,0,0,0,"14,285,714","14,285,714","14,285,714","28,571,429","28,571,429","28,571,429","42,857,143","42,857,143","42,857,143","57,142,857","57,142,857","57,142,857","71,428,571","71,428,571","71,428,571","85,714,286","85,714,286","85,714,286","100,000,000","100,000,000","100,000,000","100,000,000",,,,,,,,,,,,
,,,,,,,,,,,,,,,,,,,,,,,,,,,,,,,,,,,,,,
,,,,,,,,,,,,,,,,,,,,,,,,,,,,,,,,,,,,,,
OMG,CROWDSALE,"91,299,754","91,299,754","91,299,754","91,299,754","91,299,754","91,299,754","91,299,754","91,299,754","91,299,754","91,299,754","91,299,754","91,299,754","91,299,754","91,299,754","91,299,754","91,299,754","91,299,754","91,299,754","91,299,754","91,299,754","91,299,754","91,299,754","91,299,754","91,299,754","91,299,754","91,299,754","91,299,754","91,299,754","91,299,754","91,299,754","91,299,754","91,299,754","91,299,754","91,299,754","91,299,754","91,299,754","91,299,754"
OMG,AIRDROP,"7,012,270","7,012,270","7,012,270","7,012,270","7,012,270","7,012,270","7,012,270","7,012,270","7,012,270","7,012,270","7,012,270","7,012,270","7,012,270","7,012,270","7,012,270","7,012,270","7,012,270","7,012,270","7,012,270","7,012,270","7,012,270","7,012,270","7,012,270","7,012,270","7,012,270","7,012,270","7,012,270","7,012,270","7,012,270","7,012,270","7,012,270","7,012,270","7,012,270","7,012,270","7,012,270","7,012,270","7,012,270"
OMG,RESERVE,0,0,0,0,0,0,0,0,0,0,0,"28,049,080","28,049,080","28,049,080","28,049,080","28,049,080","28,049,080","28,049,080","28,049,080","28,049,080","28,049,080","28,049,080","28,049,080","28,049,080","28,049,080","28,049,080","28,049,080","28,049,080","28,049,080","28,049,080","28,049,080","28,049,080","28,049,080","28,049,080","28,049,080","28,049,080","28,049,080"
OMG,TEAM,0,0,0,0,0,0,0,0,0,0,0,"13,884,294","13,884,294","13,884,294","13,884,294","13,884,294","13,884,294","13,884,294","13,884,294","13,884,294","13,884,294","13,884,294","13,884,294","13,884,294","13,884,294","13,884,294","13,884,294","13,884,294","13,884,294","13,884,294","13,884,294","13,884,294","13,884,294","13,884,294","13,884,294","13,884,294","13,884,294"
,,,,,,,,,,,,,,,,,,,,,,,,,,,,,,,,,,,,,,
,,,,,,,,,,,,,,,,,,,,,,,,,,,,,,,,,,,,,,
SRM,ECOSYSTEM,"44,000,000","44,000,000","44,000,000","44,000,000","44,000,000","44,000,000","44,000,000","44,000,000","44,000,000","44,000,000","44,000,000","44,000,000","44,000,000","80,383,562","116,767,123","154,363,470","190,747,032","228,343,379","265,939,726","299,897,717","337,494,064","373,877,626","411,473,973","447,857,534","485,453,881","523,050,228","559,433,790","597,030,137","633,413,699","671,010,046","708,606,393","742,564,384","780,160,731","816,544,292","854,140,639","890,524,201","928,120,548"
SRM,PARTNER & COLLARBORATOR FUND,0,0,0,0,0,0,0,0,0,0,0,0,0,"36,986,301","73,972,603","112,191,781","149,178,082","187,397,260","225,616,438","260,136,986","298,356,164","335,342,466","373,561,644","410,547,945","448,767,123","486,986,301","523,972,603","562,191,781","599,178,082","637,397,260","675,616,438","710,136,986","748,356,164","785,342,466","823,561,644","860,547,945","898,767,123"
SRM,SEED & AUCTION,0,0,0,0,0,0,0,0,0,0,0,0,0,"5,479,452","10,958,904","16,621,005","22,100,457","27,762,557","33,424,658","38,538,813","44,200,913","49,680,365","55,342,466","60,821,918","66,484,018","72,146,119","77,625,571","83,287,671","88,767,123","94,429,224","100,091,324","105,205,479","110,867,580","116,347,032","122,009,132","127,488,584","133,150,685"
SRM,PROJECT CONTRIBUTORS,"6,000,000","6,000,000","6,000,000","6,000,000","6,000,000","6,000,000","6,000,000","6,000,000","6,000,000","6,000,000","6,000,000","6,000,000","6,000,000","36,054,795","66,109,589","97,166,210","127,221,005","158,277,626","189,334,247","217,385,388","248,442,009","278,496,804","309,553,425","339,608,219","370,664,840","401,721,461","431,776,256","462,832,877","492,887,671","523,944,292","555,000,913","583,052,055","614,108,676","644,163,470","675,220,091","705,274,886","736,331,507"
SRM,TEAM AND ADVISORS,0,0,0,0,0,0,0,0,0,0,0,0,0,"27,397,260","54,794,521","83,105,023","110,502,283","138,812,785","167,123,288","192,694,064","221,004,566","248,401,826","276,712,329","304,109,589","332,420,091","360,730,594","388,127,854","416,438,356","443,835,616","472,146,119","500,456,621","526,027,397","554,337,900","581,735,160","610,045,662","637,442,922","665,753,425"
,,,,,,,,,,,,,,,,,,,,,,,,,,,,,,,,,,,,,,
,,,,,,,,,,,,,,,,,,,,,,,,,,,,,,,,,,,,,,
STORJ,TOKEN SALES,"29,210,000","57,770,000","61,710,000","61,710,000","61,710,000","61,710,000","72,080,000","72,080,000","72,080,000","72,080,000","72,080,000","72,080,000","72,080,000","72,080,000","72,080,000","72,080,000","72,080,000","72,080,000","72,080,000","72,080,000","72,080,000","72,080,000","72,080,000","72,080,000","72,080,000","72,080,000","72,080,000","72,080,000","72,080,000","72,080,000","72,080,000","72,080,000","72,080,000","72,080,000","72,080,000","72,080,000","72,080,000"
STORJ,STORJ LABS,"107,920,000","107,920,000","107,920,000","107,920,000","107,920,000","107,920,000","107,920,000","107,920,000","107,920,000","107,920,000","107,920,000","107,920,000","107,920,000","107,920,000","107,920,000","107,920,000","107,920,000","107,920,000","107,920,000","107,920,000","107,920,000","107,920,000","107,920,000","107,920,000","107,920,000","107,920,000","107,920,000","107,920,000","107,920,000","107,920,000","107,920,000","107,920,000","107,920,000","107,920,000","107,920,000","107,920,000","107,920,000"
STORJ,RESERVE,0,0,0,0,0,0,0,0,0,0,0,0,0,0,0,0,0,0,0,0,0,0,0,0,0,"30,625,000","30,625,000","30,625,000","61,250,000","61,250,000","61,250,000","91,875,000","91,875,000","91,875,000","122,500,000","122,500,000","122,500,000"
,,,,,,,,,,,,,,,,,,,,,,,,,,,,,,,,,,,,,,
,,,,,,,,,,,,,,,,,,,,,,,,,,,,,,,,,,,,,,
BIT,BYBIT LOCKED,0,0,0,0,0,0,0,0,0,0,0,"187,500,000","375,000,000","562,500,000","750,000,000","937,500,000","1,125,000,000","1,312,500,000","1,500,000,000","1,687,500,000","1,875,000,000","2,062,500,000","2,250,000,000","2,437,500,000","2,625,000,000","2,812,500,000","3,000,000,000","3,187,500,000","3,375,000,000","1,312,500,000","1,500,000,000","1,687,500,000","1,875,000,000","2,062,500,000","2,250,000,000","2,437,500,000","2,625,000,000"
BIT,BYBIT FLEXIBLE,"1,500,000,000","1,500,000,000","1,500,000,000","1,500,000,000","1,500,000,000","1,500,000,000","1,500,000,000","1,500,000,000","1,500,000,000","1,500,000,000","1,500,000,000","1,500,000,000","1,500,000,000","1,500,000,000","1,500,000,000","1,500,000,000","1,500,000,000","1,500,000,000","1,500,000,000","1,500,000,000","1,500,000,000","1,500,000,000","1,500,000,000","1,500,000,000","1,500,000,000","1,500,000,000","1,500,000,000","1,500,000,000","1,500,000,000","1,500,000,000","1,500,000,000","1,500,000,000","1,500,000,000","1,500,000,000","1,500,000,000","1,500,000,000","1,500,000,000"
BIT,BIDAO TREASURY,"1,000,000,000","1,000,000,000","1,166,666,667","1,333,333,333","1,500,000,000","1,666,666,667","1,833,333,333","2,000,000,000","2,166,666,667","2,333,333,333","2,500,000,000","2,666,666,667","2,833,333,333","3,000,000,000","3,000,000,000","3,000,000,000","3,000,000,000","3,000,000,000","3,000,000,000","3,000,000,000","3,000,000,000","3,000,000,000","3,000,000,000","3,000,000,000","3,000,000,000","3,000,000,000","3,000,000,000","3,000,000,000","3,000,000,000","3,000,000,000","3,000,000,000","3,000,000,000","3,000,000,000","3,000,000,000","3,000,000,000","3,000,000,000","3,000,000,000"
BIT,LAUNCH PARTNER REWARDS,"500,000,000","500,000,000","500,000,000","500,000,000","500,000,000","500,000,000","500,000,000","500,000,000","500,000,000","500,000,000","500,000,000","500,000,000","500,000,000","500,000,000","500,000,000","500,000,000","500,000,000","500,000,000","500,000,000","500,000,000","500,000,000","500,000,000","500,000,000","500,000,000","500,000,000","500,000,000","500,000,000","500,000,000","500,000,000","500,000,000","500,000,000","500,000,000","500,000,000","500,000,000","500,000,000","500,000,000","500,000,000"
BIT,PRIVATE SALE,0,0,"41,666,667","83,333,333","125,000,000","166,666,667","208,333,333","250,000,000","291,666,667","333,333,333","375,000,000","416,666,667","458,333,333","500,000,000","500,000,000","500,000,000","500,000,000","500,000,000","500,000,000","500,000,000","500,000,000","500,000,000","500,000,000","500,000,000","500,000,000","500,000,000","500,000,000","500,000,000","500,000,000","500,000,000","500,000,000","500,000,000","500,000,000","500,000,000","500,000,000","500,000,000","500,000,000"
,,,,,,,,,,,,,,,,,,,,,,,,,,,,,,,,,,,,,,
,,,,,,,,,,,,,,,,,,,,,,,,,,,,,,,,,,,,,,
SUSHI,LIQUIDITY MINING,"18,900,000","121,186,760","127,045,760","132,085,760","136,642,760","140,548,760","143,488,760","146,092,760","151,762,760","155,668,760","159,184,160","162,562,459","165,702,883","168,530,323","171,244,993","173,683,093","176,032,552","178,217,959","180,052,519","181,941,070","183,642,070","185,276,731","186,747,151","188,161,123","189,475,492","190,658,632","191,795,278","192,817,768","193,800,127","194,714,131","195,481,471","196,077,136","196,787,776","197,471,326","198,076,126","198,667,885","199,216,678"
SUSHI,VESTED REWARDS,0,0,0,0,0,0,0,0,"49,812,000","49,812,000","49,812,000","49,812,000","49,812,000","49,812,000","49,812,000","49,812,000","49,812,000","49,812,000","49,812,000","49,812,000","49,812,000","49,812,000","49,812,000","49,812,000","49,812,000","49,812,000","49,812,000","49,812,000","49,812,000","49,812,000","49,812,000","49,812,000","49,812,000","49,812,000","49,812,000","49,812,000","49,812,000"
,,,,,,,,,,,,,,,,,,,,,,,,,,,,,,,,,,,,,,
TRU,FUTURE TEAM,"64,800,000","64,800,000","64,800,000","64,800,000","64,800,000","64,800,000","64,800,000","64,800,000","64,800,000","64,800,000","64,800,000","64,800,000","64,800,000","64,800,000","64,800,000","64,800,000","64,800,000","64,800,000","64,800,000","64,800,000","64,800,000","64,800,000","64,800,000","64,800,000","64,800,000","64,800,000","64,800,000","64,800,000","64,800,000","64,800,000","64,800,000","64,800,000","64,800,000","64,800,000","64,800,000","64,800,000","64,800,000"
TRU,COMPANY/FOUNDATION,"54,000,000","54,000,000","54,000,000","54,000,000","54,000,000","54,000,000","54,000,000","54,000,000","54,000,000","54,000,000","54,000,000","54,000,000","108,000,000","108,000,000","108,000,000","108,000,000","108,000,000","108,000,000","108,000,000","108,000,000","108,000,000","108,000,000","108,000,000","108,000,000","162,000,000","162,000,000","162,000,000","162,000,000","162,000,000","162,000,000","162,000,000","162,000,000","162,000,000","162,000,000","162,000,000","162,000,000","162,000,000"
TRU,TEAM,"33,300,000","33,300,000","33,300,000","66,600,000","66,600,000","66,600,000","99,900,000","99,900,000","99,900,000","133,200,000","133,200,000","133,200,000","166,500,000","166,500,000","166,500,000","199,800,000","199,800,000","199,800,000","233,100,000","233,100,000","233,100,000","266,400,000","266,400,000","266,400,000","266,400,000","266,400,000","266,400,000","266,400,000","266,400,000","266,400,000","266,400,000","266,400,000","266,400,000","266,400,000","266,400,000","266,400,000","266,400,000"
TRU,PRESALE,"48,150,000","48,150,000","48,150,000","96,300,000","96,300,000","96,300,000","144,450,000","144,450,000","144,450,000","192,600,000","192,600,000","192,600,000","240,750,000","240,750,000","240,750,000","288,900,000","288,900,000","288,900,000","337,050,000","337,050,000","337,050,000","385,200,000","385,200,000","385,200,000","385,200,000","385,200,000","385,200,000","385,200,000","385,200,000","385,200,000","385,200,000","385,200,000","385,200,000","385,200,000","385,200,000","385,200,000","385,200,000"
TRU,INCENTIVE,0,0,"9,360,000","18,720,000","28,080,000","37,440,000","46,800,000","56,160,000","65,520,000","74,880,000","84,240,000","93,600,000","102,960,000","112,320,000","121,680,000","131,040,000","140,400,000","149,760,000","159,120,000","168,480,000","177,840,000","187,200,000","196,560,000","205,920,000","215,280,000","224,640,000","234,000,000","243,360,000","252,720,000","262,080,000","271,440,000","280,800,000","290,160,000","299,520,000","308,880,000","318,240,000","327,600,000"